"hfpxzc href","qBF1Pd","MW4etd","UY7F9","W4Efsd","W4Efsd 2","doJOZc","W4Efsd 3","W4Efsd 4","W4Efsd 5","W4Efsd 6","W4Efsd 7","UsdlK","FQ2IWe src","Jn12ke src","ah5Ghc","ah5Ghc 2","M4A5Cf"
"https://www.google.com/maps/place/digiDirect+Sydney/data=!4m7!3m6!1s0x6b12ae3f6f7aa6cf:0xb118e857485d3a34!8m2!3d-33.8687464!4d151.2063756!16s%2Fg%2F1wfvmtb2!19sChIJz6Z6bz-uEmsRNDpdSFfoGLE?authuser=0&hl=zh-TW&rclk=1","digiDirect Sydney","4.1","(1,369)","зӣёж©ҹе°ҲиіЈеә—","В·","оӨҙ","В·","Shop 3/75 King St","е·Іжү“зғҠ","В· й–Ӣе§ӢзҮҹжҘӯжҷӮй–“пјҡ10:00","В·","+61 2 8235 9600","https://lh3.googleusercontent.com/gps-cs-s/APNQkAFiQzP1WTTbaRRp_u6Y7h4MpiPRVs-774bgKGXliQevtCB6Eq0ym0qLS49F3wrFVF0H7fhtTRh5NzRDEA9pktpDEIaXzmsLJRcXdhxfRDZSlaAj-mYFJqjXQR42JY1NCmoXIomJEGk0SOM=w122-h92-k-no","https://www.gstatic.com/images/icons/material/system_gm/2x/account_circle_filled_googblue_24dp.png","иіјзү©иҖ…зҖҸиҰҪйҒҺпјҡ","зӣёж©ҹй…Қд»¶",""
"https://www.google.com/maps/place/Georges+Cameras/data=!4m7!3m6!1s0x6b12ae3f0d0b2d69:0x7e00f02e18a3ada8!8m2!3d-33.8694926!4d151.2068063!16s%2Fg%2F1hc1y2rbg!19sChIJaS0LDT-uEmsRqK2jGC7wAH4?authuser=0&hl=zh-TW&rclk=1","Georges Cameras","4.2","(3,663)","зӣёж©ҹе°ҲиіЈеә—","В·","оӨҙ","В·","387 George St","е·Іжү“зғҠ","В· й–Ӣе§ӢзҮҹжҘӯжҷӮй–“пјҡ09:00","В·","+61 2 9299 0177","https://lh3.googleusercontent.com/gps-cs-s/APNQkAHRxx4cMca8HyKqvX4nlGM9rRBj-V61vmNKGjJXg5203futJSfG9u8LnHdhxLO8ipiwcDxPgD-fK7IIYjtf52sUPEUXjr5Cidex58oZVVgn_Fo0qJC_DIELO0j9nkpcMuAVPx4v=w137-h92-k-no","https://www.gstatic.com/images/icons/material/system_gm/2x/account_circle_filled_googblue_24dp.png","иіјзү©иҖ…зҖҸиҰҪйҒҺпјҡ","зӣёж©ҹй…Қд»¶",""
"https://www.google.com/maps/place/Camera+Warehouse/data=!4m7!3m6!1s0x6b12ae4011ac8f13:0x57c42c8e56a23739!8m2!3d-33.9483307!4d151.1397608!16s%2Fg%2F1tj4yw8d!19sChIJE4-sEUCuEmsROTeiVo4sxFc?authuser=0&hl=zh-TW&rclk=1","Camera Warehouse","4.7","(2,310)","зӣёж©ҹе°ҲиіЈеә—","В·","оӨҙ","В·","Unit 1/395 Princes Hwy","е·Іжү“зғҠ","В· й–Ӣе§ӢзҮҹжҘӯжҷӮй–“пјҡ10:00","В·","+61 2 9558 3116","https://lh3.googleusercontent.com/gps-cs-s/APNQkAHSqOhah7XGer7_PptlrQeU5NPGSRbD38TiLVIb7d0Xjku48A8fLVb344mJMfQw5T4fAQZvPmG9CqbP8trWIKBtdbu2AsIj9a1UUZM8WKj16JwIFQNHwA45T9bjR4U9H9HGocG6=w138-h92-k-no","https://www.gstatic.com/images/icons/material/system_gm/2x/account_circle_filled_googblue_24dp.png","иіјзү©иҖ…зҖҸиҰҪйҒҺпјҡ","зӣёж©ҹй…Қд»¶",""
"https://www.google.com/maps/place/SydneySuper8/data=!4m7!3m6!1s0x6b12b0362c4778c1:0x45ede870f15f44e8!8m2!3d-33.9014977!4d151.1784367!16s%2Fg%2F11bbrn17ss!19sChIJwXhHLDawEmsR6ERf8XDo7UU?authuser=0&hl=zh-TW&rclk=1","SydneySuper8","4.7","(436)","зӣёзүҮжІ–еҚ°еә—","В·","","457 King St","В·","е·Іжү“зғҠ","В· й–Ӣе§ӢзҮҹжҘӯжҷӮй–“пјҡ11:00","","+61 2 8084 4132","https://lh3.googleusercontent.com/gps-cs-s/APNQkAFVf3iIMHJSq8aCwuDBnDz17XhIKto8MBnGnIhCbS79o84rFmDObwHatm_KrDOwhDh1Z9s_KWz7hyO9emv7OJ9_kLuk4EJwA4qDEXueUCeld7nfCMPecZXI19zKUulmZ5PgTVg4=w138-h92-k-no","","й–ҖеёӮжңҚеӢҷ","з·ҡдёҠй җзҙ„жңҚеӢҷ","В·"
"https://www.google.com/maps/place/RENTaCAM+Sydney/data=!4m7!3m6!1s0x6b12b1af121f0ecb:0x7648d990dc94c99a!8m2!3d-33.9172634!4d151.1724315!16s%2Fg%2F1tnl1k54!19sChIJyw4fEq-xEmsRmsmU3JDZSHY?authuser=0&hl=zh-TW&rclk=1","RENTaCAM Sydney","5.0","(161)","зӣёж©ҹе°ҲиіЈеә—","В·","оӨҙ","В·","Access via car park and through the roller door, Suite 3/396 Princes Hwy","е·Іжү“зғҠ","В· й–Ӣе§ӢзҮҹжҘӯжҷӮй–“пјҡ07:00","В·","+61 2 9669 4393","https://lh3.googleusercontent.com/gps-cs-s/APNQkAErKGhFsEhhWLM0edSevoDDW_z43sowaSep4sescC7yFmc4bf0ufdw-EyXhR9xHFks_NZv7X9UNXe8LcylMzIR2NsRd7hB9DHPKcQ5VYMCf_N6D37cn-HzQrlWlg5AadHi8Fiib=w92-h92-k-no","https://www.gstatic.com/images/icons/material/system_gm/2x/shopping_bag_googblue_24dp.png","йҖҷиЈЎжңүиІ©е”®пјҡ","зӣёж©ҹй…Қд»¶",""
"https://www.google.com/maps/place/Hypop/data=!4m7!3m6!1s0x6b1299c136943c41:0xdc3b99e33ffa3735!8m2!3d-33.9313069!4d151.1897513!16s%2Fg%2F1hhly5ctx!19sChIJQTyUNsGZEmsRNTf6P-OZO9w?authuser=0&hl=zh-TW&rclk=1","Hypop","4.8","(503)","зӣёж©ҹеә—","В·","","70 Robey St","В·","е·Іжү“зғҠ","В· й–Ӣе§ӢзҮҹжҘӯжҷӮй–“пјҡйҖұдёҖ09:00","","+61 1300 449 767","https://lh3.googleusercontent.com/gps-cs-s/APNQkAFmHPefzzHSN0cf9dnXpUNA7CgHD8WWcx9QrNjWCWd8vw8OfLuv_mnC7n6eA9_IyegUKwNe2I_98Hc2JeKmj_fqMA_63b5YfV4gH17U3gmWs7xWeB7OL93XP4JdEgSRAopRr-UjVVEWYx2M=w80-h106-k-no","https://www.gstatic.com/images/icons/material/system_gm/2x/account_circle_filled_googblue_24dp.png","иіјзү©иҖ…зҖҸиҰҪйҒҺпјҡ","зӣёж©ҹй…Қд»¶",""
"https://www.google.com/maps/place/Leica+Store+and+Gallery+Sydney/data=!4m7!3m6!1s0x6b12ae3e8eeaad67:0xbe022be3cc48dfc6!8m2!3d-33.8721139!4d151.206738!16s%2Fg%2F11cssz8jbq!19sChIJZ63qjj6uEmsRxt9IzOMrAr4?authuser=0&hl=zh-TW&rclk=1","Leica Store and Gallery Sydney","4.3","(107)","зӣёж©ҹе°ҲиіЈеә—","В·","оӨҙ","В·","Shops 40-44, Level 2, QVB, 455 George St","е·Іжү“зғҠ","В· й–Ӣе§ӢзҮҹжҘӯжҷӮй–“пјҡ10:00","В·","+61 2 9264 7098","https://lh3.googleusercontent.com/gps-cs-s/APNQkAG9VTYFOCEaSp5fl1xUo3ItsXWtPmTx4YZMEeBIk34DeptCY1Vd5XL9Qby21VuDT9DPqAv1opNOouk4ld1v5MmigBwDiMD83af9K5X_GAko-7jUZnnVhYv4364NlcQFo7myrm0=w97-h92-k-no","https://www.gstatic.com/images/icons/material/system_gm/2x/account_circle_filled_googblue_24dp.png","иіјзү©иҖ…зҖҸиҰҪйҒҺпјҡ","зӣёж©ҹй…Қд»¶",""
"https://www.google.com/maps/place/Ted%27s+World+Of+Imaging/data=!4m7!3m6!1s0x6b12ae3dd08a9f7b:0x332153866339f9bb!8m2!3d-33.8739629!4d151.2078981!16s%2Fg%2F1tf60fp8!19sChIJe5-K0D2uEmsRu_k5Y4ZTITM?authuser=0&hl=zh-TW&rclk=1","Ted's World Of Imaging","4.1","(848)","зӣёж©ҹе°ҲиіЈеә—","В·","оӨҙ","В·","317 Pitt St","е·Іжү“зғҠ","В· й–Ӣе§ӢзҮҹжҘӯжҷӮй–“пјҡ10:00","В·","+61 2 9264 1687","https://lh3.googleusercontent.com/gps-cs-s/APNQkAECI_ari8AohBivXi13QFfGZFJhXGmD85Fxdr0NBMB7rAEigusL9orsWV2yiIXEUitr6XNUM2saIcD5JLWWfymTh5VsAlqjM6wQN72Nr9IJSrNkmARkqTRBmD6rB_TGnE9_7pX2=w122-h92-k-no","https://www.gstatic.com/images/icons/material/system_gm/2x/account_circle_filled_googblue_24dp.png","иіјзү©иҖ…зҖҸиҰҪйҒҺпјҡ","зӣёж©ҹй…Қд»¶",""
"https://www.google.com/maps/place/Digital+Camera+Warehouse/data=!4m7!3m6!1s0x6b12ba617328b941:0x7871243681d3b589!8m2!3d-33.91085!4d151.121481!16s%2Fg%2F1tmpf29t!19sChIJQbkoc2G6EmsRibXTgTYkcXg?authuser=0&hl=zh-TW&rclk=1","Digital Camera Warehouse","4.3","(322)","зӣёж©ҹе°ҲиіЈеә—","В·","п•Ҡ","В·","174 Canterbury Rd","е·Іжү“зғҠ","В· й–Ӣе§ӢзҮҹжҘӯжҷӮй–“пјҡ09:00","В·","+61 1300 365 220","https://lh3.googleusercontent.com/gps-proxy/ALd4DhHlsKIO-4qMrOlGqyACAoyvjIsY4m71nl2jBc9o9KoCvNqcrSYs2wm1JixtGlZjjra_vU3s4lTFtPbgk-J1PM8M9IeXvwx8N6RPKA-sCQH25xb2bhKSIY_r3mJGIP6ygXPE-WQG5gNW3E1Wta3Vj-ej3Na4gzvCiXq7nhhx9tHV8sCid3F8-cInEcGWAektWrZl-xE=w138-h92-k-no","https://www.gstatic.com/images/icons/material/system_gm/2x/account_circle_filled_googblue_24dp.png","иіјзү©иҖ…зҖҸиҰҪйҒҺпјҡ","зӣёж©ҹй…Қд»¶",""
"https://www.google.com/maps/place/digiDirect+-+Bondi/data=!4m7!3m6!1s0x6b12adf17f6915e1:0x84fbb4e5e14e4452!8m2!3d-33.8917177!4d151.2504557!16s%2Fg%2F1vg6tx05!19sChIJ4RVpf_GtEmsRUkRO4eW0-4Q?authuser=0&hl=zh-TW&rclk=1","digiDirect - Bondi","4.4","(586)","зӣёж©ҹе°ҲиіЈеә—","В·","оӨҙ","В·","Shop 1044/500/500 Oxford St","е·Іжү“зғҠ","В· й–Ӣе§ӢзҮҹжҘӯжҷӮй–“пјҡ10:00","В·","+61 2 8383 0900","https://lh3.googleusercontent.com/gps-cs-s/APNQkAE_0nBFTkyt7JbI613A_qkj58oCRAXzOdCm38ri-WJjDlIqWgaip_GIerHivfP9CkQ4HAwKrlP8B6AyP-zggfNbCtEuB-dtVWIR7_LAfSF30nL3o-Tr7z68-PaKX0Oh-qvLUGowsA=w122-h92-k-no","https://www.gstatic.com/images/icons/material/system_gm/2x/shopping_bag_googblue_24dp.png","йҖҷиЈЎжңүиІ©е”®пјҡ","зӣёж©ҹй…Қд»¶",""
"https://www.google.com/maps/place/Cult+Cameras/data=!4m7!3m6!1s0x6b12b1d9cee3d6ed:0x98b339abbdd1274!8m2!3d-33.901567!4d151.1784693!16s%2Fg%2F11mlkgbkm6!19sChIJ7dbjztmxEmsRdBLdu5oziwk?authuser=0&hl=zh-TW&rclk=1","Cult Cameras","5.0","(10)","зӣёж©ҹе°ҲиіЈеә—","В·","","459 King St","В·","е·Іжү“зғҠ","В· й–Ӣе§ӢзҮҹжҘӯжҷӮй–“пјҡ10:30","","+61 411 107 308","https://lh3.googleusercontent.com/gps-cs-s/APNQkAFMO6mwqqQz-Gb05zbi3J0HwiP-r3RYfdx8R431TX7XIZ-y_ZbnvsaoVYT99jN8g7V5gaIP81kbg42tj7WpkNaRf35mrvCWiT4yrzx6FERNp1X-KNweyO-qHKFBjgOmFaCMV9iS8mSe2we6=w122-h92-k-no","https://www.gstatic.com/images/icons/material/system_gm/2x/shopping_bag_googblue_24dp.png","йҖҷиЈЎжңүиІ©е”®пјҡ","зӣёж©ҹй…Қд»¶",""
"https://www.google.com/maps/place/digiDirect+Parramatta/data=!4m7!3m6!1s0x6b12a32047ff3199:0x5fc47f9314bfa8ab!8m2!3d-33.8173554!4d151.0033338!16s%2Fg%2F11clsjp_75!19sChIJmTH_RyCjEmsRq6i_FJN_xF8?authuser=0&hl=zh-TW&rclk=1","digiDirect Parramatta","4.6","(1,104)","зӣёж©ҹе°ҲиіЈеә—","В·","оӨҙ","В·","Shop 2101 - 2103/159 Church St","е·Іжү“зғҠ","В· й–Ӣе§ӢзҮҹжҘӯжҷӮй–“пјҡ10:00","В·","+61 2 9689 3363","https://lh3.googleusercontent.com/gps-cs-s/APNQkAHkpdsQA4LUYfB64Y0OpIgEVf6S6NrusqLcFByCMQMqkbmU5lIqWP78aDWbPfwgkjH_ii7Bfz6bl-o4Bh4AD7iqKnbjm7lPSi-PlDTCcLsDeEYMsdaTL7Pwixw-lWGs3vnXUp06p8gCb0l_=w122-h92-k-no","https://www.gstatic.com/images/icons/material/system_gm/2x/account_circle_filled_googblue_24dp.png","иіјзү©иҖ…зҖҸиҰҪйҒҺпјҡ","зӣёж©ҹй…Қд»¶",""
"https://www.google.com/maps/place/DJI+World+Square+Sydney+%7C+Authorised+Retail+Store/data=!4m7!3m6!1s0x6b12afc2c0b9d9f5:0x7c0b5998ed7ae2b3!8m2!3d-33.8776669!4d151.2070203!16s%2Fg%2F11h26vkgld!19sChIJ9dm5wMKvEmsRs-J67ZhZC3w?authuser=0&hl=zh-TW&rclk=1","DJI World Square Sydney | Authorised Retail Store","4.9","(1,435)","йӣ»еҷЁиҲ–","В·","оӨҙ","В·","Shop 10.47/644 George St","е·Іжү“зғҠ","В· й–Ӣе§ӢзҮҹжҘӯжҷӮй–“пјҡ10:00","В·","+61 2 9160 7373","https://lh3.googleusercontent.com/gps-cs-s/APNQkAHjNtTo7g5luQO5TUrxYlTdwMmFW5ZHAYNzKjFvKTYb-ad7gZ5iu5UWToORhfPRBSKWHdl9hOAFZGFwf_QGexbwvR2rGxUBOE6yuFC9tZO9df0WR_ueFAyNaausyofSVleBUcVC=w122-h92-k-no","","еә—е…§иіјзү©","дҫҶеә—еҸ–иІЁ","В·"
"https://www.google.com/maps/place/CameraClix/data=!4m7!3m6!1s0x6b12a7807b6093c3:0x88733185e023094a!8m2!3d-33.7034353!4d151.1013648!16s%2Fg%2F11l9d934_3!19sChIJw5Nge4CnEmsRSgkj4IUxc4g?authuser=0&hl=zh-TW&rclk=1","CameraClix","4.6","(78)","зӣёж©ҹе°ҲиіЈеә—","В·","оӨҙ","В·","Shop 1057/236 Pacific Hwy","е·Іжү“зғҠ","В· й–Ӣе§ӢзҮҹжҘӯжҷӮй–“пјҡ09:00","В·","+61 429 226 372","https://lh3.googleusercontent.com/gps-cs-s/APNQkAGdah41hMkIv3iEnP5Kcoq9vd-6t1_ptU4w9TjkStK_jcn2Iy_Mz9COOfPid5zfa_oU8O8Zh5HR7EKLMs9rviJu2bf9zP6k9U5Rb6m38rUPOg3bx8X6RaBxGx9_TTyUTPs_kFg=w138-h92-k-no","https://www.gstatic.com/images/icons/material/system_gm/2x/shopping_bag_googblue_24dp.png","йҖҷиЈЎжңүиІ©е”®пјҡ","зӣёж©ҹй…Қд»¶",""
"https://www.google.com/maps/place/Photo+Equipment+Store+Australia/data=!4m7!3m6!1s0x6b12bea8b937e81b:0xb286d81b1994227d!8m2!3d-33.966015!4d151.1072831!16s%2Fg%2F1jkw2hrrw!19sChIJG-g3uai-EmsRfSKUGRvYhrI?authuser=0&hl=zh-TW&rclk=1","Photo Equipment Store Australia","4.4","(44)","зӣёж©ҹе°ҲиіЈеә—","В·","оӨҙ","В·","Shop 2, 8/10 The Avenue","е·Іжү“зғҠ","В· й–Ӣе§ӢзҮҹжҘӯжҷӮй–“пјҡйҖұдёҖ09:00","В·","+61 2 9420 4678","https://lh3.googleusercontent.com/gps-cs-s/APNQkAFvL4Jl87__ahvg2frw8YYLTMoRNHPHCd8EI2Rrf1x0wH4hHIxoI2c4foTkaHjsrf14z9jt2g2z9FUqsnf_0aLarcJAX43DTd7--_kThLldme4URbgmO80FGnRP9ET3yYZjwL1Yfw=w80-h96-k-no","https://www.gstatic.com/images/icons/material/system_gm/2x/shopping_bag_googblue_24dp.png","йҖҷиЈЎжңүиІ©е”®пјҡ","зӣёж©ҹй…Қд»¶",""
"https://www.google.com/maps/place/Kodak+Express-Sydney+Central+Fast+Photo+Services/data=!4m7!3m6!1s0x6b12ae230c975f0d:0xcc861f0c47571c4a!8m2!3d-33.8802075!4d151.206275!16s%2Fg%2F11xpd135t!19sChIJDV-XDCOuEmsRShxXRwwfhsw?authuser=0&hl=zh-TW&rclk=1","Kodak Express-Sydney Central Fast Photo Services","4.8","(822)","зӣёзүҮжІ–еҚ°еә—","В·","оӨҙ","В·","Kodak Express, Shop 17/191 Hay St","е·Іжү“зғҠ","В· й–Ӣе§ӢзҮҹжҘӯжҷӮй–“пјҡ10:00","В·","+61 2 9281 9039","https://lh3.googleusercontent.com/gps-cs-s/APNQkAESAGF7SI0uZs1JFmhfVkdo85C3ZD_8ZlrlIjhgvK-TPP-Wxkq03JdB7XeLAXi5tiV_NVJPF6kzkseNSQeLgtjd7AglUyYRC_rVNrq4Jf42kEWOxnh7qWwaLXPu-BrTY2-pGrfJ2g=w123-h92-k-no","","й–ҖеёӮжңҚеӢҷ","з·ҡдёҠй җзҙ„жңҚеӢҷ","В·"
"https://www.google.com/maps/place/Fujifilm+House+of+Photography+%28Retail+Store%29/data=!4m7!3m6!1s0x6b12af2702aad8c9:0xc7d53435cb1fc062!8m2!3d-33.8645715!4d151.2071335!16s%2Fg%2F11t5d17mxg!19sChIJydiqAievEmsRYsAfyzU01cc?authuser=0&hl=zh-TW&rclk=1","Fujifilm House of Photography (Retail Store)","4.8","(173)","зӣёж©ҹеә—","В·","оӨҙ","В·","Ground floor/263 George St","е·Іжү“зғҠ","В· й–Ӣе§ӢзҮҹжҘӯжҷӮй–“пјҡ10:00","В·","+61 2 9044 8194","https://lh3.googleusercontent.com/gps-cs-s/APNQkAGxT5OGnmC8CesoYZDPzjOzkBAOoK00BgqgxA8u2MpBPxHVSmvXoYA3qH1d_0WSq5wN9NfjP2Wj8NjCMAbtx_tLVgX5KGWj6H079Xy4XUIWGoHMr5bkZnRSVT6MOadWe7MSpCQ=w80-h106-k-no","","еә—е…§иіјзү©","дҫҶеә—еҸ–иІЁ","В·"
"https://www.google.com/maps/place/Double+Bay+Camera+Shop/data=!4m7!3m6!1s0x6b12ade78946f917:0x20dac41f019a227a!8m2!3d-33.877927!4d151.243426!16s%2Fg%2F1pt_t0czp!19sChIJF_lGieetEmsReiKaAR_E2iA?authuser=0&hl=zh-TW&rclk=1","Double Bay Camera Shop","3.8","(32)","зӣёж©ҹе°ҲиіЈеә—","В·","","Shop 2/413-417 New South Head Rd","В·","е·Іжү“зғҠ","В· й–Ӣе§ӢзҮҹжҘӯжҷӮй–“пјҡ09:00","","+61 2 9327 4481","https://lh3.googleusercontent.com/gps-cs-s/APNQkAEeb4vqdLpiJs4vEfw2UYcuWyjVC9-rPFvCBIXvUjBAYPwiMaUAyrCFmCVwvxf5OefbibBzzUnHTvbvAIoGLUmjfHu7Qtktwas7zXoj01_ie5EqU9d4fD_iH6aZsPS8wpd99P8=w122-h92-k-no","https://www.gstatic.com/images/icons/material/system_gm/2x/shopping_bag_googblue_24dp.png","йҖҷиЈЎжңүиІ©е”®пјҡ","зӣёж©ҹй…Қд»¶",""
"https://www.google.com/maps/place/Kudos+Cameras/data=!4m7!3m6!1s0x6b12b1e6dc77d339:0xebdb84aea7027a40!8m2!3d-33.9206642!4d151.0994882!16s%2Fg%2F11cm0j6w7n!19sChIJOdN33OaxEmsRQHoCp66E2-s?authuser=0&hl=zh-TW&rclk=1","Kudos Cameras","5.0","(14)","жү№зҷје•Ҷ","В·","оӨҙ","В·","Kudos Cameras Sydney, 5/37 Charlotte St","е·Іжү“зғҠ","В· й–Ӣе§ӢзҮҹжҘӯжҷӮй–“пјҡйҖұдёҖ09:30","В·","+61 2 8599 2858","https://lh3.googleusercontent.com/gps-cs-s/APNQkAH3Ds7DVPOVJQYsd58QmP8oqiCp_7szvxOJmieosmzexEvnEBBgFpdjoyvmdhIExItEJQUKwBf3GlM1DDGfrHsNlrPvMlWYJx20TUj2PyiDF9FAlf8Tx4kR9iWV7tiwwxGWNlvXAg=w92-h92-k-no","","еә—е…§иіјзү©","дҫҶеә—еҸ–иІЁ","В·"
"https://www.google.com/maps/place/Rubber+Monkey/data=!4m7!3m6!1s0x6b12af80f4f2055f:0xa01647e0faefcc01!8m2!3d-33.819153!4d151.188367!16s%2Fg%2F11t5xtjv30!19sChIJXwXy9ICvEmsRAczv-uBHFqA?authuser=0&hl=zh-TW&rclk=1","Rubber Monkey","4.8","(173)","зӣёж©ҹеә—","В·","","17/76 Reserve Rd","В·","е·Іжү“зғҠ","В· й–Ӣе§ӢзҮҹжҘӯжҷӮй–“пјҡйҖұдёҖ09:00","","+61 2 8214 8965","https://lh3.googleusercontent.com/gps-cs-s/APNQkAERCZScK2SSCwmoBXNZHuPLa7er5YwdlMwNyuU36q20GMnuPDuY99dCa1tzcZe0Gs8cc7eSPrRqx4ykY5Vj5sU6P-UWm3KNUsn-a_hWSohAVVQQ5ele18cQ3WnG8o_CjGSqlc0=w80-h106-k-no","https://www.gstatic.com/images/icons/material/system_gm/2x/shopping_bag_googblue_24dp.png","йҖҷиЈЎжңүиІ©е”®пјҡ","зӣёж©ҹй…Қд»¶",""
"https://www.google.com/maps/place/Fujifilm+House+of+Photography+%28Retail+Store%29/data=!4m7!3m6!1s0x6b12af2702aad8c9:0xc7d53435cb1fc062!8m2!3d-33.864572!4d151.207134!16s%2Fg%2F11t5d17mxg!19sChIJydiqAievEmsRYsAfyzU01cc?authuser=0&hl=zh-TW&rclk=1","Fujifilm House of Photography (Retail Store)","4.8","(173)","зӣёж©ҹе°ҲиіЈеә—","В·","","263 George Street","е·Іжү“зғҠ","В· й–Ӣе§ӢзҮҹжҘӯжҷӮй–“пјҡ10:00","В·","","(02) 9044 8194","https://lh3.googleusercontent.com/gps-cs-s/APNQkAFabaC10XL0jYn1wkylAPcuuwYJ4WRH247ZV_sssy53VIraB2sC0hj0uP6LJ2gMSs4oK8qg_QJFo7dKn7onUvKcZZXprg1qNXQZf_oE1EPMhUisZ-z0I386LckCJGDA2pkWIvJF=w80-h92-p-k-no","https://ssl.gstatic.com/images/icons/material/system_gm/2x/done_gm_green700_24dp.png","еә—е…§иіјзү©","дҫҶеә—еҸ–иІЁ","В·"
"https://www.google.com/maps/place/Photo+Shop+Studio/data=!4m7!3m6!1s0x6b12b0177a4df36f:0xa9b7cfce4feae36e!8m2!3d-33.876134!4d151.128879!16s%2Fg%2F1tj4yw9j!19sChIJb_NNehewEmsRbuPqT87Pt6k?authuser=0&hl=zh-TW&rclk=1","Photo Shop Studio","4.1","(228)","зӣёж©ҹе°ҲиіЈеә—","В·","","520 Parramatta Road","е·Іжү“зғҠ","В· й–Ӣе§ӢзҮҹжҘӯжҷӮй–“пјҡ09:00","В·","","(02) 9797 2800","https://tpc.googlesyndication.com/simgad/10258428570041611277?sqp=-oaymwEKCFAQXCABUAFYAQ&rs=AOga4qnLEN950VFwXt1phP7rl6o64jr-_g","https://ssl.gstatic.com/images/icons/material/system_gm/2x/done_gm_green700_24dp.png","еә—е…§иіјзү©","дҫҶеә—еҸ–иІЁ","В·"
"https://www.google.com/maps/place/Georges+Cameras+Chatswood/data=!4m7!3m6!1s0x6b12a905d5a7eab1:0x87d72b151c7d8a9b!8m2!3d-33.7859054!4d151.197088!16s%2Fg%2F11xkg1bd5q!19sChIJseqn1QWpEmsRm4p9HBUr14c?authuser=0&hl=zh-TW&rclk=1","Georges Cameras Chatswood","4.8","(123)","зӣёж©ҹе°ҲиіЈеә—","В·","оӨҙ","В·","Unit 27, 1/7 Short St","е·Іжү“зғҠ","В· й–Ӣе§ӢзҮҹжҘӯжҷӮй–“пјҡ10:00","В·","+61 2 9299 0177","https://lh3.googleusercontent.com/gps-cs-s/APNQkAHr24YGij952kEsFuNJPbR5dKvJu9sPYbNXMqRyev859R2Enw1kY0twuwrZOD5dUbvqRc0CkmkMHSNMgBxvdB6Ljkq3Y9lb12szLqPR3TUE3VZiiJqaVFPqSC3-XfSIZFf3s8a4mxDA0IBk=w80-h120-k-no","https://www.gstatic.com/images/icons/material/system_gm/2x/shopping_bag_googblue_24dp.png","йҖҷиЈЎжңүиІ©е”®пјҡ","зӣёж©ҹй…Қд»¶",""
"https://www.google.com/maps/place/Mainline+Photographics/data=!4m7!3m6!1s0x6b12aee9d738bd9b:0xace9cc0dbe22a27f!8m2!3d-33.7014848!4d151.0998003!16s%2Fg%2F1tfmcd11!19sChIJm7041-muEmsRf6Iivg3M6aw?authuser=0&hl=zh-TW&rclk=1","Mainline Photographics","4.9","(49)","зӣёж©ҹе°ҲиіЈеә—","В·","","Office: 609/ 88/90 George St","","","","","+61 490 187 873","https://lh3.googleusercontent.com/gps-cs-s/APNQkAFD4_l7KMEawKkFVtJdApaTibOqBZUjXY6w-uWkBRagIMcZbHF2k4zzoVfqPlWLCt8m6xf4xWFyl33hLWlW9IMBGM8KtQkFLCEREY-pzkxo2JFiOxeNunyw9RT6VUc_iRo7xQ2LhQ=w92-h92-k-no","https://www.gstatic.com/images/icons/material/system_gm/2x/shopping_bag_googblue_24dp.png","йҖҷиЈЎжңүиІ©е”®пјҡ","зӣёж©ҹй…Қд»¶",""
"https://www.google.com/maps/place/JB+Hi-Fi+City+-+Westfield+Sydney/data=!4m7!3m6!1s0x6b12ae3fb22b805d:0x290a41398b3cfd22!8m2!3d-33.8696581!4d151.208421!16s%2Fg%2F1tv2495j!19sChIJXYArsj-uEmsRIv08izlBCik?authuser=0&hl=zh-TW&rclk=1","JB Hi-Fi City - Westfield Sydney","4.2","(2,268)","зӣёж©ҹе°ҲиіЈеә—","В·","оӨҙ","В·","Westfield Sydney Shopping Centre Store 6010, Level 6 Corner Pitt &, Market St","е·Іжү“зғҠ","В· й–Ӣе§ӢзҮҹжҘӯжҷӮй–“пјҡ09:00","В·","+61 2 9928 7000","https://lh3.googleusercontent.com/gps-cs-s/APNQkAGFNQk9KN2yHtpQJ2R9-RChss9kT7QprJg6A0daNEhi6mGUFBckXcPX2xMgdpdIRKgOWwsPBpMYYpNgjySjCn-VSm06IgBHK62dOeyj1nDwhZTORm4lVHbjHP1WxVGjjbqgkitA=w163-h92-k-no","https://www.gstatic.com/images/icons/material/system_gm/2x/account_circle_filled_googblue_24dp.png","иіјзү©иҖ…зҖҸиҰҪйҒҺпјҡ","зӣёж©ҹй…Қд»¶",""
"https://www.google.com/maps/place/DJI+Westfield+Sydney/data=!4m7!3m6!1s0x6b12af1619ed6c07:0xe93bfe86b97b3934!8m2!3d-33.8701109!4d151.2089071!16s%2Fg%2F11tsmkwmp3!19sChIJB2ztGRavEmsRNDl7uYb-O-k?authuser=0&hl=zh-TW&rclk=1","DJI Westfield Sydney","5.0","(1,133)","йӣ»еҷЁиҲ–","В·","оӨҙ","В·","Westfield Sydney, Shop 1023A Level 1/188 Pitt St","е·Іжү“зғҠ","В· й–Ӣе§ӢзҮҹжҘӯжҷӮй–“пјҡ09:30","В·","+61 2 9160 7375","https://lh3.googleusercontent.com/gps-cs-s/APNQkAF1H0KmUuZwmL6jAjkQbNqngbprcldjs5fjiTVi866YraeLp9F44bnYYd0x9iU1ycfyfDP2PwpiSxzGywyLcM9_PMVGoHGoCRX3aBXOQpUyZWtn7J5M1pEpUEiEqtdO-oo4fHkbew=w80-h142-k-no","","еә—е…§иіјзү©","дҫҶеә—еҸ–иІЁ","В·"
"https://www.google.com/maps/place/Macro+Mode/data=!4m7!3m6!1s0x6b12b1207a769fd1:0xc4808e1f4dc350bc!8m2!3d-33.8787283!4d151.20833!16s%2Fg%2F11fkf0xyms!19sChIJ0Z92eiCxEmsRvFDDTR-OgMQ?authuser=0&hl=zh-TW&rclk=1","Macro Mode","5.0","(10)","зӣёж©ҹе°ҲиіЈеә—","В·","оӨҙ","В·","6/301a Castlereagh St","","","","+61 402 927 010","https://lh3.googleusercontent.com/gps-cs-s/APNQkAF3dczywYAR2UqFhriw0v402FC-ICWcAGZxthNxE_lEqI-U9GgUeZ7iL0R0TNlW2IT1y6Q7SJA_y1kAd0JA6LkNP1dkoBphBh_zegUwXwdYQ7pSzlsRph4jJ9EfvNBFvgsPJvml=w91-h92-k-no","https://www.gstatic.com/images/icons/material/system_gm/2x/shopping_bag_googblue_24dp.png","йҖҷиЈЎжңүиІ©е”®пјҡ","зӣёж©ҹй…Қд»¶",""
"https://www.google.com/maps/place/Photoland/data=!4m7!3m6!1s0x6b12ae3f8bea1cf9:0x90e1e41585590575!8m2!3d-33.8681514!4d151.2106813!16s%2Fg%2F1tjvtmrj!19sChIJ-Rzqiz-uEmsRdQVZhRXk4ZA?authuser=0&hl=zh-TW&rclk=1","Photoland","4.8","(429)","зӣёж©ҹеә—","В·","","Shop 5/60 Elizabeth St","В·","е·Іжү“зғҠ","В· й–Ӣе§ӢзҮҹжҘӯжҷӮй–“пјҡйҖұдёҖ08:00","","+61 2 9235 1933","https://lh3.googleusercontent.com/gps-cs-s/APNQkAFHVF72E9YDIvBxDMgijqa46KF2Z2FXajK88OARrb5ja-OkyPmQpY0CPCPsjmOO0BOJhr28-OyXLKRdRw2rXnhUvlI-bA29wN17JX-Ac6UKdD4zaRb8Eb761voZ4H0DHrLftG2Y=w117-h92-k-no","","дҫҶеә—еҸ–иІЁ","еӨ–йҖҒ","В·"
"https://www.google.com/maps/place/DJI+Store+-+Camzilla+Roseville/data=!4m7!3m6!1s0x6b12a8c1e59bc9dd:0xf1c1b64d3659d206!8m2!3d-33.7846311!4d151.1768492!16s%2Fg%2F12q4yjngf!19sChIJ3cmb5cGoEmsRBtJZNk22wfE?authuser=0&hl=zh-TW&rclk=1","DJI Store - Camzilla Roseville","4.7","(379)","йӣ»еҷЁиҲ–","В·","оӨҙ","В·","98 Pacific Hwy","е·Іжү“зғҠ","В· й–Ӣе§ӢзҮҹжҘӯжҷӮй–“пјҡ09:00","В·","+61 2 9880 9883","https://lh3.googleusercontent.com/gps-cs-s/APNQkAGC4Tak-f9RHbB0-6WEFAahnzAwcOEXg8zyoCOtz5pclVf3gIieUOVwz8XfzDzmSwJt_2HZgSyb4cEVE9bp0GlsnBeXLzYBApKyWM_umbctlz0IcPbh4OfV-1uXhvSN64d9ArKzhQ=w92-h92-k-no","https://www.gstatic.com/images/icons/material/system_gm/2x/account_circle_filled_googblue_24dp.png","иіјзү©иҖ…зҖҸиҰҪйҒҺпјҡ","зӣёж©ҹй…Қд»¶",""
"https://www.google.com/maps/place/JB+Hi-Fi+City+-+Strand+Arcade+Pitt+St+Mall/data=!4m7!3m6!1s0x6b12ae3f74e15c2f:0x13b8511cef54f651!8m2!3d-33.8694487!4d151.2076488!16s%2Fg%2F1vvr6cbv!19sChIJL1zhdD-uEmsRUfZU7xxRuBM?authuser=0&hl=zh-TW&rclk=1","JB Hi-Fi City - Strand Arcade Pitt St Mall","4.2","(2,440)","зӣёж©ҹе°ҲиіЈеә—","В·","п•Ҡ","В·","412-414 George St","е·Іжү“зғҠ","В· й–Ӣе§ӢзҮҹжҘӯжҷӮй–“пјҡ09:00","В·","+61 2 9928 7200","https://lh3.googleusercontent.com/gps-cs-s/APNQkAGKTUNZTG_2FWimNjIl4bmKBNbSZMilphautGMxphET3ivc4FiSOgUu4ji7rnTTuikwZqfTAmTWJwcmmqxy-Q92Zx7zKnURriATP_Y5NnYYah1A_JTKaqOS5de3HlkGrhu5nrw=w163-h92-k-no","https://www.gstatic.com/images/icons/material/system_gm/2x/account_circle_filled_googblue_24dp.png","иіјзү©иҖ…зҖҸиҰҪйҒҺпјҡ","зӣёж©ҹй…Қд»¶",""
"https://www.google.com/maps/place/Photo+Shop+Studio/data=!4m7!3m6!1s0x6b12b0177a4df36f:0xa9b7cfce4feae36e!8m2!3d-33.8761337!4d151.1288793!16s%2Fg%2F1tj4yw9j!19sChIJb_NNehewEmsRbuPqT87Pt6k?authuser=0&hl=zh-TW&rclk=1","Photo Shop Studio","4.1","(228)","зӣёж©ҹеә—","В·","оӨҙ","В·","520 Parramatta Rd","е·Іжү“зғҠ","В· й–Ӣе§ӢзҮҹжҘӯжҷӮй–“пјҡ09:00","В·","+61 2 9797 2800","https://lh3.googleusercontent.com/gps-cs-s/APNQkAEmzv_WaZIZ3JO2IWYVHcpXtmxTv4rZcTxQ4akOpWm-VwOdPIZ5WO-pRWKG0k52tjPjUSLMbduGWsDpE-vg1aqVlsTUlNqafSsILU5kokS2ihPKe7QWhm5yAOpJ4TaesnZFsCys=w131-h92-k-no","https://www.gstatic.com/images/icons/material/system_gm/2x/account_circle_filled_googblue_24dp.png","иіјзү©иҖ…зҖҸиҰҪйҒҺпјҡ","зӣёж©ҹй…Қд»¶",""
"https://www.google.com/maps/place/Classic+Cameras+AU/data=!4m7!3m6!1s0x257820d30b5844c9:0x96a5e3184b24fb0d!8m2!3d-33.827468!4d151.2022759!16s%2Fg%2F11s45yh66d!19sChIJyURYC9MgeCURDfskSxjjpZY?authuser=0&hl=zh-TW&rclk=1","Classic Cameras AU","5.0","(39)","зӣёж©ҹе°ҲиіЈеә—","В·","","Ste 20/37 Alexander St","В·","е·Іжү“зғҠ","В· й–Ӣе§ӢзҮҹжҘӯжҷӮй–“пјҡйҖұдәҢ09:30","","+61 435 310 644","https://lh3.googleusercontent.com/gps-cs-s/APNQkAGba9y2KRrQzerVxZLaO5mBNZnO3h9BYZVoBiTGLXCdApliD38vOg4Xo577AFlFt7gJzpSmrMfoy44g7FX-naoPlQQo8lVcM4VxALNqt9VSTUb3DQrpL0p2fHG3-ne2TiDD5SwIjh04fCY=w122-h92-k-no","https://www.gstatic.com/images/icons/material/system_gm/2x/shopping_bag_googblue_24dp.png","йҖҷиЈЎжңүиІ©е”®пјҡ","зӣёж©ҹй…Қд»¶",""
"https://www.google.com/maps/place/JB+Hi-Fi+City+-+Galeries/data=!4m7!3m6!1s0x6b12ae3e5fda3c47:0x59439406665adc9c!8m2!3d-33.8725576!4d151.2073138!16s%2Fg%2F1vc6dkbb!19sChIJRzzaXz6uEmsRnNxaZgaUQ1k?authuser=0&hl=zh-TW&rclk=1","JB Hi-Fi City - Galeries","4.2","(1,781)","зӣёж©ҹе°ҲиіЈеә—","В·","оӨҙ","В·","The Galeries, Store Rlg23/500 George St","е·Іжү“зғҠ","В· й–Ӣе§ӢзҮҹжҘӯжҷӮй–“пјҡ09:00","В·","+61 2 9307 1400","https://lh3.googleusercontent.com/gps-cs-s/APNQkAGSyk6_5vlpSgS8AIK3cfC17gLAZ29V3URr9sTFC9g-NP88F84siPgMdxnE8bCv1GJZpsSsoLFpmFZvilXYuQUwXj15p3nbtpBrmMFKV45hBn7yrzLCt02XjlwPqr8aWYJ7eopoiQ=w80-h106-k-no","https://www.gstatic.com/images/icons/material/system_gm/2x/account_circle_filled_googblue_24dp.png","иіјзү©иҖ…зҖҸиҰҪйҒҺпјҡ","зӣёж©ҹй…Қд»¶",""
"https://www.google.com/maps/place/SLR+Revolution/data=!4m7!3m6!1s0x31da19a0d5cad835:0xa57a3d3a83d2f5be!8m2!3d1.2920702!4d103.8497553!16s%2Fg%2F11c54d2c7z!19sChIJNdjK1aAZ2jERvvXSgzo9eqU?authuser=0&hl=zh-TW&rclk=1","SLR Revolution","4.9","(922)","зӣёж©ҹе°ҲиіЈеә—","В·","оӨҙ","В·","5 Coleman Street, #01-03 Excelsior Shopping Centre","е·Іжү“зғҠ","В· й–Ӣе§ӢзҮҹжҘӯжҷӮй–“пјҡйҖұе…ӯ11:00","В·","6250 9412","https://lh3.googleusercontent.com/gps-cs-s/APNQkAHob7WsS_G3f1Vf75JzLva4_g69w26TuG0sG9UKirVkQPPFlvuWw9VxplqrV6OqoMGzxDDaN81ikR8A6z2H4YYGLXB7b3N3f8FmIpdf6OFCZW1OjkNFn7WGbAlkG3J_c90-1TON=w92-h92-k-no","https://www.gstatic.com/images/icons/material/system_gm/2x/account_circle_filled_googblue_24dp.png","иіјзү©иҖ…зҖҸиҰҪйҒҺпјҡ","зӣёж©ҹй…Қд»¶",""
"https://www.google.com/maps/place/Dash+Cam+Specialists+-+West+Ryde,+Sydney/data=!4m7!3m6!1s0x6b12a5489e165519:0xe72eb5304e6c5ead!8m2!3d-33.8070237!4d151.0825584!16s%2Fg%2F11jj1xpf81!19sChIJGVUWnkilEmsRrV5sTjC1Luc?authuser=0&hl=zh-TW&rclk=1","Dash Cam Specialists - West Ryde, Sydney","5.0","(1,857)","жұҪи»Ҡз”Ёе“Ғеә—","В·","оӨҙ","В·","1064 Victoria Rd","е·Іжү“зғҠ","В· й–Ӣе§ӢзҮҹжҘӯжҷӮй–“пјҡ09:00","В·","+61 430 997 394","https://lh3.googleusercontent.com/gps-cs-s/APNQkAGbVV75P9js9o-j31evQ78MKXHk1gVNdhEiWxaq4XNIs69JV2eTRMNnKePQgnuEKuuntzjkmsxUsKGh0mQ_Aa9m9RHc8p58MxW42v9w0OSvER_7duf8sId38SR5sMQ7BgOqlTY=w109-h92-k-no","","еӨ–йҖҒ","",""
"https://www.google.com/maps/place/Landscape+Photo+Gear/data=!4m7!3m6!1s0x6b12aeeddb3956c5:0xeb4dec2a8b79e443!8m2!3d-33.7222181!4d151.0851641!16s%2Fg%2F1v0lkydf!19sChIJxVY52-2uEmsRQ-R5iyrsTes?authuser=0&hl=zh-TW&rclk=1","Landscape Photo Gear","4.4","(74)","зӣёж©ҹе°ҲиіЈеә—","В·","","Unit 20/7 Sefton Rd","В·","е·Іжү“зғҠ","В· й–Ӣе§ӢзҮҹжҘӯжҷӮй–“пјҡйҖұдёҖ09:00","","+61 2 9929 7578","https://lh3.googleusercontent.com/gps-cs-s/APNQkAEEs8tewhPFFlrFS_VZ0AXKP19HSSyFES3gbN0Te5y9FPsDFFIrbo_Ti_iv6ayGYEPLS3fikkX8hYNUKov-BnMet0W2-UPtFo2FMr-HcsJnsDKBxg8EPayCcNLGO-5NBorSPhQS=w138-h92-k-no","https://www.gstatic.com/images/icons/material/system_gm/2x/shopping_bag_googblue_24dp.png","йҖҷиЈЎжңүиІ©е”®пјҡ","зӣёж©ҹй…Қд»¶",""
"https://www.google.com/maps/place/Camera+House+-+Brookvale/data=!4m7!3m6!1s0x6b12aa46ad5a0215:0xd91d2c3a54df9ad7!8m2!3d-33.7684183!4d151.2652613!16s%2Fg%2F1tk1n46f!19sChIJFQJarUaqEmsR15rfVDosHdk?authuser=0&hl=zh-TW&rclk=1","Camera House - Brookvale","4.5","(651)","зӣёж©ҹе°ҲиіЈеә—","В·","оӨҙ","В·","Shop 1424/5 Westfield Warringah Mall","е·Іжү“зғҠ","В· й–Ӣе§ӢзҮҹжҘӯжҷӮй–“пјҡ09:00","В·","+61 2 9907 1955","https://lh3.googleusercontent.com/gps-cs-s/APNQkAGTKlTVHHRT2YYPzeL-Snq1iSeYgE6eDTkzd-VgoW7h4N9TchFMAM4wqaLk4M-jsrUVKDoTlyvNsN2mAAmiNn7JktDUWkJV2yskd-JNu2Fwi1XX2q9isCeTkMODS9pOckOil4bruQobRBg=w138-h92-k-no","https://www.gstatic.com/images/icons/material/system_gm/2x/shopping_bag_googblue_24dp.png","йҖҷиЈЎжңүиІ©е”®пјҡ","зӣёж©ҹй…Қд»¶",""
"https://www.google.com/maps/place/Camera+House+-+Drummoyne/data=!4m7!3m6!1s0x6b12afc3c7a47161:0xa1abb5f76224b8f0!8m2!3d-33.8525158!4d151.1562389!16s%2Fg%2F11sk84qsqj!19sChIJYXGkx8OvEmsR8LgkYve1q6E?authuser=0&hl=zh-TW&rclk=1","Camera House - Drummoyne","4.7","(107)","зӣёж©ҹе°ҲиіЈеә—","В·","оӨҙ","В·","146 Victoria Rd","е·Іжү“зғҠ","В· й–Ӣе§ӢзҮҹжҘӯжҷӮй–“пјҡ10:00","В·","+61 2 8068 6988","https://lh3.googleusercontent.com/gps-cs-s/APNQkAE2_QWpTB6JntJDbHWIBiK3zdtajzY6EXsmm9O88A9PqNmiB7QljjK5lo0XBUYpXYx3M65GjJp8b4bTbLodUolQR_6kuxdH9DOpqDbY-YNInw53IIk9rG5hJ_cqhGuY7XbrTf3FHbW5jRso=w122-h92-k-no","https://www.gstatic.com/images/icons/material/system_gm/2x/account_circle_filled_googblue_24dp.png","иіјзү©иҖ…зҖҸиҰҪйҒҺпјҡ","зӣёж©ҹй…Қд»¶",""
"https://www.google.com/maps/place/Irohas+Photo+Film+Lab/data=!4m7!3m6!1s0x6b12af002aeee14f:0xd017afb2409c1f2d!8m2!3d-33.8780199!4d151.2049366!16s%2Fg%2F11wh651lb4!19sChIJT-HuKgCvEmsRLR-cQLKvF9A?authuser=0&hl=zh-TW&rclk=1","Irohas Photo Film Lab","5.0","(576)","зӣёзүҮжІ–еҚ°еә—","В·","","Basement 398/402 Sussex St","В·","е·Іжү“зғҠ","В· й–Ӣе§ӢзҮҹжҘӯжҷӮй–“пјҡ11:00","","+61 414 852 820","https://lh3.googleusercontent.com/gps-cs-s/APNQkAF7Us-Jc114Kvt_BBmUdQK6S0PGRXxc4jqKgvRj8e0mPr2dGbPFnQJtFK3q8-e2yhie_Mi6sC7khbR18CuiD2EaoDZe58mpFXHQ6dgfJZXnU3dyWSxNWTjH__5dB9nPtHrWxrIg=w122-h92-k-no","","й–ҖеёӮжңҚеӢҷ","",""
"https://www.google.com/maps/place/BLACKBOX-camera:+Sydney+Dashcam+Installation/data=!4m7!3m6!1s0x6b12bb6a8c305e67:0x5b2c99dd858bdb8!8m2!3d-33.8640932!4d151.0492617!16s%2Fg%2F11x8ygczdv!19sChIJZ14wjGq7EmsRuL1Y2J3JsgU?authuser=0&hl=zh-TW&rclk=1","BLACKBOX-camera: Sydney Dashcam Installation","5.0","(91)","жұҪи»Ҡз”Ёе“Ғеә—","В·","","8 Church St","","","","","+61 403 862 087","https://lh3.googleusercontent.com/gps-cs-s/APNQkAEq_f1iYVkZ_sO-eXX473d8xJNiiFf8zAFUMj5MEC5CFkW51XyvHA6I_IVmsg2YYCwiDfR_TOUk42yBPc2OGJ4aTmm8Nrew3-7Y6RdXbY9RSwDYvdI6-wKnFNi9e5CUNvV1JPcw6PHLzfg=w122-h92-k-no","","й–ҖеёӮжңҚеӢҷ","",""
"https://www.google.com/maps/place/Southern+Cross+Cameras+Australia/data=!4m7!3m6!1s0x6b12a8b7004d5f81:0xe3dd2306c6c41fe1!8m2!3d-33.7848747!4d151.1965596!16s%2Fg%2F1tfbym8f!19sChIJgV9NALeoEmsR4R_ExgYj3eM?authuser=0&hl=zh-TW&rclk=1","Southern Cross Cameras Australia","5.0","(1)","зӣёж©ҹе°ҲиіЈеә—","В·","оӨҙ","В·","Unit 47/28 Barcoo St","е·Іжү“зғҠ","В· й–Ӣе§ӢзҮҹжҘӯжҷӮй–“пјҡйҖұдёҖ09:30","В·","+61 438 828 432","https://lh3.googleusercontent.com/gps-cs-s/APNQkAEJl8i540BwyRnvOrL4BIcLMu4AgYL2WlB50YSTUFD1hKJQmcn1bX1DfEUZltBa43hW05GFyklwj2nAytM3dydehpsXM5g6mjo7KI1C4dO8XmojZXKU4iGr5fDwBWSzH6iPDnU=w105-h92-k-no","https://www.gstatic.com/images/icons/material/system_gm/2x/shopping_bag_googblue_24dp.png","йҖҷиЈЎжңүиІ©е”®пјҡ","зӣёж©ҹй…Қд»¶",""
"https://www.google.com/maps/place/RYDA+DOT+COM/data=!4m7!3m6!1s0x6b12b00dcdb9d5e9:0xafb70163d9d6aa75!8m2!3d-33.889999!4d151.149287!16s%2Fg%2F1hc528b_h!19sChIJ6dW5zQ2wEmsRdarW2WMBt68?authuser=0&hl=zh-TW&rclk=1","RYDA DOT COM","4.2","(305)","зӣёж©ҹе°ҲиіЈеә—","В·","оӨҙ","В·","730-738 Parramatta Rd","е·Іжү“зғҠ","В· й–Ӣе§ӢзҮҹжҘӯжҷӮй–“пјҡйҖұдёҖ09:00","В·","+61 2 9568 8888","https://lh3.googleusercontent.com/gps-cs-s/APNQkAEHIZnZred8cnJvLUqeko0JvRTXMRrdzIDCxplCksvXhASwD7Qz91XKUGP1QymdHflqkXxAcfZBeU8ybwono5CIYOmgGZtrZfAhhFQhaSVH1PBfHqauM7tvKZH-MXgbvrLQZPCm=w138-h92-k-no","https://www.gstatic.com/images/icons/material/system_gm/2x/account_circle_filled_googblue_24dp.png","иіјзү©иҖ…зҖҸиҰҪйҒҺпјҡ","зӣёж©ҹй…Қд»¶",""
"https://www.google.com/maps/place/Fujifilm+House+of+Photography+%28Retail+Store%29/data=!4m7!3m6!1s0x6b12af2702aad8c9:0xc7d53435cb1fc062!8m2!3d-33.864572!4d151.207134!16s%2Fg%2F11t5d17mxg!19sChIJydiqAievEmsRYsAfyzU01cc?authuser=0&hl=zh-TW&rclk=1","Fujifilm House of Photography (Retail Store)","4.8","(173)","зӣёж©ҹе°ҲиіЈеә—","В·","","263 George Street","е·Іжү“зғҠ","В· й–Ӣе§ӢзҮҹжҘӯжҷӮй–“пјҡ10:00","В·","","(02) 9044 8194","https://lh3.googleusercontent.com/gps-cs-s/APNQkAFabaC10XL0jYn1wkylAPcuuwYJ4WRH247ZV_sssy53VIraB2sC0hj0uP6LJ2gMSs4oK8qg_QJFo7dKn7onUvKcZZXprg1qNXQZf_oE1EPMhUisZ-z0I386LckCJGDA2pkWIvJF=w80-h92-p-k-no","https://ssl.gstatic.com/images/icons/material/system_gm/2x/done_gm_green700_24dp.png","еә—е…§иіјзү©","дҫҶеә—еҸ–иІЁ","В·"
"https://www.google.com/maps/place/Photo+Shop+Studio/data=!4m7!3m6!1s0x6b12b0177a4df36f:0xa9b7cfce4feae36e!8m2!3d-33.876134!4d151.128879!16s%2Fg%2F1tj4yw9j!19sChIJb_NNehewEmsRbuPqT87Pt6k?authuser=0&hl=zh-TW&rclk=1","Photo Shop Studio","4.1","(228)","зӣёж©ҹе°ҲиіЈеә—","В·","","520 Parramatta Road","е·Іжү“зғҠ","В· й–Ӣе§ӢзҮҹжҘӯжҷӮй–“пјҡ09:00","В·","","(02) 9797 2800","https://tpc.googlesyndication.com/simgad/8815807894382617608?sqp=-oaymwEKCFAQXCABUAFYAQ&rs=AOga4qnpO0R-OaFLTAnwVcHgxYSegpJOrA","https://ssl.gstatic.com/images/icons/material/system_gm/2x/done_gm_green700_24dp.png","еә—е…§иіјзү©","дҫҶеә—еҸ–иІЁ","В·"
"https://www.google.com/maps/place/Sydney+Camera+Repairs/data=!4m7!3m6!1s0x6b12ba96e2ecc48b:0x5661ac1ab7243fcb!8m2!3d-33.8917206!4d151.1256592!16s%2Fg%2F11b6_dcbgf!19sChIJi8Ts4pa6EmsRyz8ktxqsYVY?authuser=0&hl=zh-TW&rclk=1","Sydney Camera Repairs","4.6","(347)","зӣёж©ҹе°ҲиіЈеә—","В·","оӨҙ","В·","36 Holden St","е·Іжү“зғҠ","В· й–Ӣе§ӢзҮҹжҘӯжҷӮй–“пјҡ10:00","В·","+61 400 993 182","https://lh3.googleusercontent.com/gps-cs-s/APNQkAHP733HhXUJVc523kArORHziw4IhvmCrkv9VTifUWt2gVbDyCkHwyP49ptLdBtOpCZxGelmFZceg9q3I7h5W-KV-3DrDSI0blrJoxYwmlvtu0_WpD9dtO16l1cLMgZ1AW8GtC8_NbL24XKy=w92-h92-k-no","","й–ҖеёӮжңҚеӢҷ","",""
"https://www.google.com/maps/place/JB+Hi-Fi+City+-+World+Square/data=!4m7!3m6!1s0x6b12ae3cc9d8039b:0xaf10b3d06460919f!8m2!3d-33.8774582!4d151.2072834!16s%2Fg%2F1tk6_nmp!19sChIJmwPYyTyuEmsRn5FgZNCzEK8?authuser=0&hl=zh-TW&rclk=1","JB Hi-Fi City - World Square","4.2","(3,104)","зӣёж©ҹе°ҲиіЈеә—","В·","оӨҙ","В·","World Square Shopping Centre Store 9.42, Lower Ground Level, 644 George St","е·Іжү“зғҠ","В· й–Ӣе§ӢзҮҹжҘӯжҷӮй–“пјҡ09:00","В·","+61 2 9307 0600","https://lh3.googleusercontent.com/gps-cs-s/APNQkAHLTVogz4nEJuciTIs8JtgCiSo_2G7_K4S1AFRSoyAa_zBUscii1w6QKFwT_6m1nNOkqsomzAqM7WTfFJlBE_fPX00g5n-sv8XtW3BBtTuYRczFIKzGtDJraeMX5QREV0DF6do=w122-h92-k-no","https://www.gstatic.com/images/icons/material/system_gm/2x/account_circle_filled_googblue_24dp.png","иіјзү©иҖ…зҖҸиҰҪйҒҺпјҡ","зӣёж©ҹй…Қд»¶",""
"https://www.google.com/maps/place/JB+Hi-Fi+North+Sydney/data=!4m7!3m6!1s0x6b12aef294333b37:0x5562c1e2f611a545!8m2!3d-33.8392895!4d151.2085324!16s%2Fg%2F124sy52ng!19sChIJNzszlPKuEmsRRaUR9uLBYlU?authuser=0&hl=zh-TW&rclk=1","JB Hi-Fi North Sydney","4.2","(1,123)","зӣёж©ҹе°ҲиіЈеә—","В·","оӨҙ","В·","99 Mount St","е·Іжү“зғҠ","В· й–Ӣе§ӢзҮҹжҘӯжҷӮй–“пјҡ09:00","В·","+61 2 8918 6700","https://lh3.googleusercontent.com/gps-cs-s/APNQkAHX2GGUs_ARQ0Un0ieyOn_WQ86AIyCdl9PE7cZb-RE9mP21rK-FZI2hALupYCQt-InnSmKp1gkXfrDdjO4NIqp_rEfMH6xbCH8ciOVT0y7XGAK4XpNoOZVoyT3a8lD1BzHVQf-fmg=w164-h92-k-no","https://www.gstatic.com/images/icons/material/system_gm/2x/account_circle_filled_googblue_24dp.png","иіјзү©иҖ…зҖҸиҰҪйҒҺпјҡ","зӣёж©ҹй…Қд»¶",""
"https://www.google.com/maps/place/Dragon+Image/data=!4m7!3m6!1s0x6b12aed853848e7f:0x122b75f8f8ca31b!8m2!3d-33.8142817!4d151.1815301!16s%2Fg%2F1thf8qjj!19sChIJf46EU9iuEmsRG6OMj1-3IgE?authuser=0&hl=zh-TW&rclk=1","Dragon Image","4.6","(149)","зӣёж©ҹе°ҲиіЈеә—","В·","оӨҙ","В·","2 McLachlan Ave","е·Іжү“зғҠ","В· й–Ӣе§ӢзҮҹжҘӯжҷӮй–“пјҡйҖұдёҖ09:00","В·","+61 2 9906 5488","https://lh3.googleusercontent.com/gps-cs-s/APNQkAEQ3IPULdjVQlLvFreRbN5b4_C6bQpKTPuF5BzOTbQiffd0YIfn8PipBN3l67Hj--WXV5C8gddQxeEgGyvSF7G-9mXZlvbdhCM6edfbrnYXjoWoheAKuyDUILOaqcnsiD8AW7TetQ=w122-h92-k-no","","еә—е…§иіјзү©","дҫҶеә—еҸ–иІЁ","В·"
"https://www.google.com/maps/place/Specular+-+Sydney/data=!4m7!3m6!1s0x6b12b1c8e5365fb7:0x2219d40f20bfdf4e!8m2!3d-33.9031263!4d151.1963114!16s%2Fg%2F11h9rs2cvh!19sChIJt1825cixEmsRTt-_IA_UGSI?authuser=0&hl=zh-TW&rclk=1","Specular - Sydney","5.0","(7)","зӣёж©ҹе°ҲиіЈеә—","В·","оӨҙ","В·","Suite 26/112 McEvoy St","е·Іжү“зғҠ","В· й–Ӣе§ӢзҮҹжҘӯжҷӮй–“пјҡйҖұдёҖ08:30","В·","+61 2 7922 3833","https://streetviewpixels-pa.googleapis.com/v1/thumbnail?panoid=o_gblL-aaDy2QfxE_VWu5Q&cb_client=search.gws-prod.gps&w=80&h=92&yaw=165.49144&pitch=0&thumbfov=100","https://www.gstatic.com/images/icons/material/system_gm/2x/shopping_bag_googblue_24dp.png","йҖҷиЈЎжңүиІ©е”®пјҡ","зӣёж©ҹй…Қд»¶",""
"https://www.google.com/maps/place/Videocraft+Equipment/data=!4m7!3m6!1s0x6b12af26ff035767:0x2b9c2259cd30bd93!8m2!3d-33.8159503!4d151.1922397!16s%2Fg%2F1tggnt1h!19sChIJZ1cD_yavEmsRk70wzVkinCs?authuser=0&hl=zh-TW&rclk=1","Videocraft Equipment","4.9","(92)","иҰ–иҒҪиЁӯеӮҷдҫӣжҮүе•Ҷ","В·","оӨҙ","В·","20/39 Herbert St","е·Іжү“зғҠ","В· й–Ӣе§ӢзҮҹжҘӯжҷӮй–“пјҡйҖұдёҖ09:00","В·","+61 2 9462 8600","https://lh3.googleusercontent.com/gps-cs-s/APNQkAHYoKgv6gJYWBZtbjvNkLBo4XVvm8U77_xeKz06WT3WcFttK7netUQXguYAiPPLNZuyT9EghozHhbIl4mNEsz3i9OYmVjMZgd4bfiL6FoBcKaXPlfm8sSIkGd2lRyvH1yk37L7IRA=w146-h92-k-no","https://www.gstatic.com/images/icons/material/system_gm/2x/shopping_bag_googblue_24dp.png","йҖҷиЈЎжңүиІ©е”®пјҡ","зӣёж©ҹй…Қд»¶",""
"https://www.google.com/maps/place/Clast/data=!4m7!3m6!1s0xa31095e201b29351:0xe358f84e0f569e8e!8m2!3d-33.877927!4d151.243426!16s%2Fg%2F11pd1f1s_f!19sChIJUZOyAeKVEKMRjp5WD074WOM?authuser=0&hl=zh-TW&rclk=1","Clast","4.9","(65)","е•Ҷеә—","В·","","Shop 13/417 New South Head Rd","В·","е·Іжү“зғҠ","В· й–Ӣе§ӢзҮҹжҘӯжҷӮй–“пјҡ09:00","","+61 2 9563 2499","https://lh3.googleusercontent.com/gps-cs-s/APNQkAFmPuJBtvgEyWVe6_uYrDqGHpHDUnxoKnwp_XQ6Zl4_aySoYnAmHe7nkSBSB-CXic50HUhTIVa_181X5ZwAv7lCD5418_eZFE5Gh838N2-KF3-mjwYfNpNYE8hk0u5rEEhxFDgT=w80-h142-k-no","https://www.gstatic.com/images/icons/material/system_gm/2x/shopping_bag_googblue_24dp.png","йҖҷиЈЎжңүиІ©е”®пјҡ","зӣёж©ҹй…Қд»¶",""
"https://www.google.com/maps/place/Camera+House+-+Castle+Hill/data=!4m7!3m6!1s0x6b12a10c0050146b:0x4f216dc34df00a4!8m2!3d-33.7291913!4d151.0068116!16s%2Fg%2F11h0vrykp!19sChIJaxRQAAyhEmsRpADfNNwW8gQ?authuser=0&hl=zh-TW&rclk=1","Camera House - Castle Hill","3.6","(161)","зӣёж©ҹе°ҲиіЈеә—","В·","оӨҙ","В·","Shop 250A/6 Castle St","е·Іжү“зғҠ","В· й–Ӣе§ӢзҮҹжҘӯжҷӮй–“пјҡ09:00","В·","+61 2 9894 5006","https://lh3.googleusercontent.com/gps-cs-s/APNQkAGzd9a1G8QXbEcoEAuGy2sSk-QwexC4yjCzIUshv31XMVH-UFCADVY1W9r8OJCRRGUgtRkPxuxbu4oO6wS7km_bkAZnhifVqsDuyEUokMks1KDZQrE7sXFDD8WDXWt3fQpwl2sRraLfVEU=w139-h92-k-no","https://www.gstatic.com/images/icons/material/system_gm/2x/account_circle_filled_googblue_24dp.png","иіјзү©иҖ…зҖҸиҰҪйҒҺпјҡ","зӣёж©ҹй…Қд»¶",""
"https://www.google.com/maps/place/WORKS+PERFECT+:+Video+Tapes+to+Digital+:+Canon+%26+Sony+Camera+Repairs/data=!4m7!3m6!1s0x6b12ae3e4ee410dd:0x55915e58d0a90dbf!8m2!3d-33.8715152!4d151.209084!16s%2Fg%2F1pv09slhg!19sChIJ3RDkTj6uEmsRvw2p0FhekVU?authuser=0&hl=zh-TW&rclk=1","WORKS PERFECT : Video Tapes to Digital : Canon & Sony Camera Repairs","4.9","(315)","еҪұзүҮиӨҮиЈҪжңҚеӢҷ","В·","","Level 1, Shop 34/210 Pitt St","В·","е·Іжү“зғҠ","В· й–Ӣе§ӢзҮҹжҘӯжҷӮй–“пјҡ10:00","","+61 410 740 004","https://lh3.googleusercontent.com/gps-cs-s/APNQkAHf8nt1jT6KYCMyel2Rn4KspGSOjlA7S2lXiNfuDUtMbu1mFhr7ttz5vYL6_r9GSbQdeeMWPywI7kSZwZnyF4iBYOgVsipdcNCXXJdkq0KGmLyJ6OrDKs7cQz1Y_-zAVqun2EMwBQ=w122-h92-k-no","","й–ҖеёӮжңҚеӢҷ","",""
"https://www.google.com/maps/place/Camera+Service+Centre/data=!4m7!3m6!1s0x6b12ae3de65fa29b:0x5545910a2e7ea19b!8m2!3d-33.8743948!4d151.2083617!16s%2Fg%2F1tdvpx9m!19sChIJm6Jf5j2uEmsRm6F-LgqRRVU?authuser=0&hl=zh-TW&rclk=1","Camera Service Centre","4.6","(177)","зӣёж©ҹз¶ӯдҝ®еә—","В·","оӨҙ","В·","Level 3, Suite 39/104 Bathurst St","е·Іжү“зғҠ","В· й–Ӣе§ӢзҮҹжҘӯжҷӮй–“пјҡйҖұдёҖ08:30","В·","+61 2 9264 7091","https://lh3.googleusercontent.com/gps-cs-s/APNQkAFwq9iNDBZySKWb9cNVIvFHZERY1GK2y9a2QaDt4UJoWVcnS1ya8I2B1gkW6tI-4YA0c6hDpq_oIxUy97bQ83ANctfzVn_U_EzmIduHDMikyqgsyzEXbE0qN_iJbx625N9TpFDG3rLBfu8=w122-h92-k-no","","й–ҖеёӮжңҚеӢҷ","",""
"https://www.google.com/maps/place/digiDirect+Miranda/data=!4m7!3m6!1s0x6b12c78510a3c2ff:0xac7617179118eb4b!8m2!3d-34.0352695!4d151.1004734!16s%2Fg%2F1tdlbwlp!19sChIJ_8KjEIXHEmsRS-sYkRcXdqw?authuser=0&hl=zh-TW&rclk=1","digiDirect Miranda","4.3","(510)","зӣёж©ҹе°ҲиіЈеә—","В·","оӨҙ","В·","Shop 1098/600 Kingsway","е·Іжү“зғҠ","В· й–Ӣе§ӢзҮҹжҘӯжҷӮй–“пјҡ09:30","В·","+61 2 9589 5700","https://lh3.googleusercontent.com/gps-cs-s/APNQkAGCvFqEQ4FQZTki_UNfPfrGPmUdhd0FHsp9Ct7KL2LLvnhHl0wkSVXjknMScWivAnBLyPof5NYVVAl41BDFG6H59M7K9yaPMV0xUABWkimLqD-AGj8JUn0k6oErCrkE2Cr-iiQH=w163-h92-k-no","","еә—е…§иіјзү©","дҫҶеә—еҸ–иІЁ","В·"
"https://www.google.com/maps/place/Camera+Hire/data=!4m7!3m6!1s0x6b12aa544391ed29:0x29b9d9bce316666!8m2!3d-33.909352!4d151.195039!16s%2Fg%2F11h0292mc!19sChIJKe2RQ1SqEmsRZmYxzpudmwI?authuser=0&hl=zh-TW&rclk=1","Camera Hire","4.8","(80)","иЁӯеӮҷз§ҹиіғе…¬еҸё","В·","оӨҙ","В·","Industrial Estate, G2/46-62 Maddox St","е·Іжү“зғҠ","В· й–Ӣе§ӢзҮҹжҘӯжҷӮй–“пјҡ07:00","В·","+61 2 8065 8195","https://lh3.googleusercontent.com/gps-cs-s/APNQkAE1RDggPEz26JSglKeF5XqLhEUxQPUvcUUtLVPNUd2YXQeKDmqXkZ8QfMBLZcvPbO8Xt9X8J9jqjIMYn2eeQL_qJhDTtV9MsC4FAO4B6JvzCUf0RLSRJXy27uuPyNQIhFc9CvdS6w=w92-h92-k-no","","й–ҖеёӮжңҚеӢҷ","",""
"https://www.google.com/maps/place/Camera+Fix/data=!4m7!3m6!1s0x6b12b1eaadc0af73:0x5168c359940cb4f9!8m2!3d-33.8790846!4d151.1966966!16s%2Fg%2F11ht42s3gf!19sChIJc6_AreqxEmsR-bQMlFnDaFE?authuser=0&hl=zh-TW&rclk=1","Camera Fix","4.6","(86)","зӣёж©ҹз¶ӯдҝ®еә—","В·","","Suite 9/89/97 Jones St","В·","е·Іжү“зғҠ","В· й–Ӣе§ӢзҮҹжҘӯжҷӮй–“пјҡйҖұдёҖ09:00","","+61 415 996 182","https://lh3.googleusercontent.com/gps-cs-s/APNQkAG14c65JaN4_bqLNj2dakB_idlCSJQWR5zaWLAhQN_D4PPMpcRMpY_SUNCIbmriYjTvUjOW4lpqIKVHAPd5L49jzmp8G1abdim7RUeLz5TE5XJuBCKDMBPgbtw-LPMFZ9DjW88=w137-h92-k-no","","й–ҖеёӮжңҚеӢҷ","",""
"https://www.google.com/maps/place/Bintel+-+The+Binocular+%26+Telescope+Shop/data=!4m7!3m6!1s0x6b12ae2da64a361d:0x1f018912b397b6c4!8m2!3d-33.8758629!4d151.1898974!16s%2Fg%2F1tngqfnx!19sChIJHTZKpi2uEmsRxLaXsxKJAR8?authuser=0&hl=zh-TW&rclk=1","Bintel - The Binocular & Telescope Shop","4.6","(519)","жңӣйҒ йҸЎеә—","В·","оӨҙ","В·","84 Wentworth Park Rd","е·Іжү“зғҠ","В· й–Ӣе§ӢзҮҹжҘӯжҷӮй–“пјҡ09:30","В·","+61 2 9518 7255","https://lh3.googleusercontent.com/gps-cs-s/APNQkAH616OF6IdjeZS_r4Hh0gUEwWq2Yj4WoXuqBLYr1oUl6xCzdRwXA97NBo2hHfarjQNFmAKTiHmfCavxCk6WJp2aNk5adAkqTRBAfZW15ARD5rHfWEmr3A5Tyv2bX9Tf7fW72utr=w80-h106-k-no","https://www.gstatic.com/images/icons/material/system_gm/2x/account_circle_filled_googblue_24dp.png","иіјзү©иҖ…зҖҸиҰҪйҒҺпјҡ","зӣёж©ҹй…Қд»¶",""
"https://www.google.com/maps/place/DJI+Macquarie+Centre+%7C+Authorised+Retail+Store/data=!4m7!3m6!1s0x6b12a795e403040b:0x8da7470f8f2780f4!8m2!3d-33.7771244!4d151.1219092!16s%2Fg%2F11mw8fjfs2!19sChIJCwQD5JWnEmsR9IAnjw9Hp40?authuser=0&hl=zh-TW&rclk=1","DJI Macquarie Centre | Authorised Retail Store","4.9","(609)","йӣ»еҷЁиҲ–","В·","оӨҙ","В·","Shop 438 Cnr Herring Rd &, Waterloo Rd","е·Іжү“зғҠ","В· й–Ӣе§ӢзҮҹжҘӯжҷӮй–“пјҡ09:00","В·","+61 2 9160 7374","https://lh3.googleusercontent.com/gps-cs-s/APNQkAEbTVe6-EmMYZNOur3HRpU-rxJbGoiHBhrFbUFhGT2Y1KbvPvk06iHYAWE0SzwGXEayW0cvOHB81_1dmYDyrOGUiUql0zF-q77zwlgHKIqov3pJef8n0ZVF57XGmvsTKe35okL3=w167-h92-k-no","","еә—е…§иіјзү©","дҫҶеә—еҸ–иІЁ","В·"
"https://www.google.com/maps/place/Jaycar+Electronics+Sydney+City/data=!4m7!3m6!1s0x6b12ae3e9353b7bb:0x10e713ac49fdadf4!8m2!3d-33.8719051!4d151.2062828!16s%2Fg%2F1v42fz6q!19sChIJu7dTkz6uEmsR9K39SawT5xA?authuser=0&hl=zh-TW&rclk=1","Jaycar Electronics Sydney City","4.2","(191)","йӣ»еҷЁиҲ–","В·","п•Ҡ","В·","Opposite Qvb, Opposite QVB, 127 York St","е·Іжү“зғҠ","В· й–Ӣе§ӢзҮҹжҘӯжҷӮй–“пјҡ08:30","В·","+61 2 9267 1614","https://lh3.googleusercontent.com/gps-cs-s/APNQkAFNzvct4fQsExaMIr_m2an6r93xEtGRTty6zs2RkU-FuPFXCtIACMnSjiJ10BE_5R7UwVGr9NTwPEuCr3t3RD60u4L6TzB2k8jaxbeblkwln0l5SOEcA5LLoLxnya5e2WmZHXEVOg=w198-h92-k-no","https://www.gstatic.com/images/icons/material/system_gm/2x/account_circle_filled_googblue_24dp.png","иіјзү©иҖ…зҖҸиҰҪйҒҺпјҡ","зӣёж©ҹй…Қд»¶",""
"https://www.google.com/maps/place/JB+Hi-Fi+Broadway/data=!4m7!3m6!1s0x6b12ae29bb0e2ced:0xd43aba7c11d26a4d!8m2!3d-33.88413!4d151.1946698!16s%2Fg%2F1jgl_q4m9!19sChIJ7SwOuymuEmsRTWrSEXy6OtQ?authuser=0&hl=zh-TW&rclk=1","JB Hi-Fi Broadway","4.0","(2,639)","зӣёж©ҹе°ҲиіЈеә—","В·","оӨҙ","В·","The Broadway Shopping Centre, Store 207, Level 2/1 Bay St","е·Іжү“зғҠ","В· й–Ӣе§ӢзҮҹжҘӯжҷӮй–“пјҡ09:00","В·","+61 2 9212 8500","https://lh3.googleusercontent.com/gps-cs-s/APNQkAHpKGyYpV3NuhWXSoHYYlBqavRhbPgOjY2utVhouO0RZPo_u0nE7vso1cxDiFtV0VbVf_e32CJZQlS-jJXJ2dnmq_qzZQL-astjYGwHkWRKBsy3o7sBj5NK6mjKdWgRYvxqzVZa=w122-h92-k-no","https://www.gstatic.com/images/icons/material/system_gm/2x/account_circle_filled_googblue_24dp.png","иіјзү©иҖ…зҖҸиҰҪйҒҺпјҡ","зӣёж©ҹй…Қд»¶",""
"https://www.google.com/maps/place/Flash+Trend/data=!4m7!3m6!1s0x6b12bcaea1277c3b:0xb877e6f10bceb351!8m2!3d-33.8513031!4d151.0400555!16s%2Fg%2F11fm4b59sm!19sChIJO3wnoa68EmsRUbPOC_Hmd7g?authuser=0&hl=zh-TW&rclk=1","Flash Trend","4.7","(1,794)","йӣ»еҷЁиҲ–","В·","оӨҙ","В·","25/7-9 Percy St","е·Іжү“зғҠ","В· й–Ӣе§ӢзҮҹжҘӯжҷӮй–“пјҡйҖұдёҖ09:00","В·","+61 2 8959 8446","https://lh3.googleusercontent.com/gps-cs-s/APNQkAFz1rEjipAmVUVK_n2Lc2c4t5r8jvoOYnRZH_SdW0hYyojUHlNfmL668KsSaFQm0OZNjNkllrWBuOfEliaEgD2rI5PyDhO0Mscu2GuuefrjDhVPRspL9a0t4YjHzm9AK1wEWsqf=w122-h92-k-no","https://www.gstatic.com/images/icons/material/system_gm/2x/shopping_bag_googblue_24dp.png","йҖҷиЈЎжңүиІ©е”®пјҡ","зӣёж©ҹй…Қд»¶",""
"https://www.google.com/maps/place/Mwave/data=!4m7!3m6!1s0x6b12bb51c9bebc19:0x18822d8514169245!8m2!3d-33.8920445!4d151.0736315!16s%2Fg%2F1q5gj_jss!19sChIJGby-yVG7EmsRRZIWFIUtghg?authuser=0&hl=zh-TW&rclk=1","Mwave","4.3","(9,547)","йӣ»и…ҰиҲ–","В·","оӨҙ","В·","Bldg 2/34-48 Cosgrove Rd","е·Іжү“зғҠ","В· й–Ӣе§ӢзҮҹжҘӯжҷӮй–“пјҡ09:00","В·","+61 2 8257 3699","https://lh3.googleusercontent.com/gps-cs-s/APNQkAFO7HGQqGHryU6CMOj3401k7R6_RWzsZ9JPo84UUgizs3AQw0SUZQDJhuZpczNgXimtXA1BtrKdMeljBPFyNmfKUzg6HxWn_3pxF4a3oZIjViJu1S62CuZ5fd4BCx_Vo6BQ9dQ4Wg=w122-h92-k-no","","еә—е…§иіјзү©","дҫҶеә—еҸ–иІЁ","В·"
"https://www.google.com/maps/place/Compact+Camera+Hire/data=!4m7!3m6!1s0x26fea9fbf6f28e01:0xdbc385a6d74d81b1!8m2!3d-33.8482439!4d150.9319747!16s%2Fg%2F11n3b59rl3!19sChIJAY7y9vup_iYRsYFN16aFw9s?authuser=0&hl=zh-TW&rclk=1","Compact Camera Hire","5.0","(4)","зӣёж©ҹе°ҲиіЈеә—","","","","","е·Іжү“зғҠ","В· й–Ӣе§ӢзҮҹжҘӯжҷӮй–“пјҡ09:00","","","https://lh3.googleusercontent.com/gps-cs-s/APNQkAFzEeU4p62a-6b114UtXezQYgfmfbZUyZWmBxn38vvv4G89fI-LMNhUUVHe82I7VJlxjYQA9wAsaZnccXbXNGKLTFhsgJ9dzMHwF-3M9gPqo3FZhl4eiaMsHlmqa7sqFN_DxtI4zEamrBo=w174-h92-k-no","","еӨ–йҖҒ","",""
"https://www.google.com/maps/place/Night+Vision/data=!4m7!3m6!1s0x6b12a57d1b9cf90d:0xe0f609d172d38c38!8m2!3d-33.8465761!4d151.07262!16s%2Fg%2F11ysg7knly!19sChIJDfmcG32lEmsROIzTctEJ9uA?authuser=0&hl=zh-TW&rclk=1","Night Vision","","","зӣёж©ҹе°ҲиіЈеә—","В·","","11 Australia Ave","В·","е·Іжү“зғҠ","В· й–Ӣе§ӢзҮҹжҘӯжҷӮй–“пјҡйҖұдёҖ09:00","","+61 452 663 517","https://streetviewpixels-pa.googleapis.com/v1/thumbnail?panoid=a9pfxvIsP2FDABDvxTSVIw&cb_client=search.gws-prod.gps&w=80&h=92&yaw=58.739315&pitch=0&thumbfov=100","https://www.gstatic.com/images/icons/material/system_gm/2x/shopping_bag_googblue_24dp.png","йҖҷиЈЎжңүиІ©е”®пјҡ","зӣёж©ҹй…Қд»¶",""
"https://www.google.com/maps/place/Digital+Foto+World/data=!4m7!3m6!1s0x6b12ae3d082742bf:0xb3ae77f74576b13d!8m2!3d-33.8758992!4d151.2082415!16s%2Fg%2F1tj6tzw9!19sChIJv0InCD2uEmsRPbF2Rfd3rrM?authuser=0&hl=zh-TW&rclk=1","Digital Foto World","4.6","(158)","иӯ·з…§з…§зүҮиҷ•зҗҶжңҚеӢҷ","В·","оӨҙ","В·","Shop R18, 324 Pitt St inside food court building","","","","","https://lh3.googleusercontent.com/gps-cs-s/APNQkAH1yrWCVWNSV9w3Dl9vzHKxPVX4Ch_sYhawdwcFNyi1QHG96T8cupPGgCGEuf4RmhGrr8e4Dh_aiKrG8axlvjTERdayQRiC6FAHo6qQhp1RfrRKFdKBzlVyewcJbYug0SbqVFFRZQ=w151-h92-k-no","","","",""
"","","","","","","","","","","","","","","","","",""