Priority,Store name,Category,Original category,Rating,Review count,Address,Phone,Google Maps URL,Source keywords,Why relevant / caution,Email / contact page,Website,Instagram,Outreach status,Notes,Source files
A,Classic Cameras AU,Camera store,相機專賣店,5.0,(39),Ste 20/37 Alexander St,+61 435 310 644,https://www.google.com/maps/place/Classic+Cameras+AU/data=!4m7!3m6!1s0x257820d30b5844c9:0x96a5e3184b24fb0d!8m2!3d-33.827468!4d151.2022759!16s%2Fg%2F11s45yh66d!19sChIJyURYC9MgeCURDfskSxjjpZY?authuser=0&hl=zh-TW&rclk=1,"camera accessories, film camera store, used camera store, vintage camera store",Independent/niche camera-related store found via used/film/vintage/accessory keywords; Camera-related category; Appeared in film/used/vintage search,,,,,,"camera accessories Sydney.csv, film camera store Sydney.csv, used camera store Sydney.csv, vintage camera store Sydney.csv"
A,Kudos Cameras,Wholesaler,批發商,5.0,(14),"Kudos Cameras Sydney, 5/37 Charlotte St",+61 2 8599 2858,https://www.google.com/maps/place/Kudos+Cameras/data=!4m7!3m6!1s0x6b12b1e6dc77d339:0xebdb84aea7027a40!8m2!3d-33.9206642!4d151.0994882!16s%2Fg%2F11cm0j6w7n!19sChIJOdN33OaxEmsRQHoCp66E2-s?authuser=0&hl=zh-TW&rclk=1,"camera accessories, film camera store, used camera store, vintage camera store",Independent/niche camera-related store found via used/film/vintage/accessory keywords; Camera-related category; Appeared in film/used/vintage search,,,,,,"camera accessories Sydney.csv, film camera store Sydney.csv, used camera store Sydney.csv, vintage camera store Sydney.csv"
A,Cult Cameras,Camera store,相機專賣店,5.0,(10),459 King St,+61 411 107 308,https://www.google.com/maps/place/Cult+Cameras/data=!4m7!3m6!1s0x6b12b1d9cee3d6ed:0x98b339abbdd1274!8m2!3d-33.901567!4d151.1784693!16s%2Fg%2F11mlkgbkm6!19sChIJ7dbjztmxEmsRdBLdu5oziwk?authuser=0&hl=zh-TW&rclk=1,"camera accessories, film camera store, vintage camera store",Independent/niche camera-related store found via used/film/vintage/accessory keywords; Camera-related category; Appeared in film/used/vintage search,,,,,,"camera accessories Sydney.csv, film camera store Sydney.csv, vintage camera store Sydney.csv"
A,Southern Cross Cameras Australia,Camera store,相機專賣店,5.0,(1),Unit 47/28 Barcoo St,+61 438 828 432,https://www.google.com/maps/place/Southern+Cross+Cameras+Australia/data=!4m7!3m6!1s0x6b12a8b7004d5f81:0xe3dd2306c6c41fe1!8m2!3d-33.7848747!4d151.1965596!16s%2Fg%2F1tfbym8f!19sChIJgV9NALeoEmsR4R_ExgYj3eM?authuser=0&hl=zh-TW&rclk=1,"camera accessories, film camera store, used camera store",Independent/niche camera-related store found via used/film/vintage/accessory keywords; Camera-related category; Appeared in film/used/vintage search,,,,,,"camera accessories Sydney.csv, film camera store Sydney.csv, used camera store Sydney.csv"
A,Mainline Photographics,Camera store,相機專賣店,4.9,(49),Office: 609/ 88/90 George St,+61 490 187 873,https://www.google.com/maps/place/Mainline+Photographics/data=!4m7!3m6!1s0x6b12aee9d738bd9b:0xace9cc0dbe22a27f!8m2!3d-33.7014848!4d151.0998003!16s%2Fg%2F1tfmcd11!19sChIJm7041-muEmsRf6Iivg3M6aw?authuser=0&hl=zh-TW&rclk=1,"camera accessories, used camera store",Independent/niche camera-related store found via used/film/vintage/accessory keywords; Camera-related category; Appeared in film/used/vintage search,,,,,,"camera accessories Sydney.csv, used camera store Sydney.csv"
A,Photoland,Camera store,相機店,4.8,(429),Shop 5/60 Elizabeth St,+61 2 9235 1933,https://www.google.com/maps/place/Photoland/data=!4m7!3m6!1s0x6b12ae3f8bea1cf9:0x90e1e41585590575!8m2!3d-33.8681514!4d151.2106813!16s%2Fg%2F1tjvtmrj!19sChIJ-Rzqiz-uEmsRdQVZhRXk4ZA?authuser=0&hl=zh-TW&rclk=1,"camera accessories, film camera store, used camera store, vintage camera store",Independent/niche camera-related store found via used/film/vintage/accessory keywords; Camera-related category; Appeared in film/used/vintage search,,,,,,"camera accessories Sydney.csv, film camera store Sydney.csv, used camera store Sydney.csv, vintage camera store Sydney.csv"
A,Tradelectronics,Camera store,相機專賣店,4.7,(316),Suite 101 Floor 1/206/208 Liverpool Rd,+61 426 746 583,https://www.google.com/maps/place/Tradelectronics/data=!4m7!3m6!1s0x6b12aff32ad45b19:0xb7ed23001870a883!8m2!3d-33.8896481!4d151.1256244!16s%2Fg%2F11h80m0__z!19sChIJGVvUKvOvEmsRg6hwGAAj7bc?authuser=0&hl=zh-TW&rclk=1,used camera store,Independent/niche camera-related store found via used/film/vintage/accessory keywords; Camera-related category; Appeared in film/used/vintage search,,,,,,used camera store Sydney.csv
A,Dragon Image,Camera store,相機專賣店,4.6,(149),2 McLachlan Ave,+61 2 9906 5488,https://www.google.com/maps/place/Dragon+Image/data=!4m7!3m6!1s0x6b12aed853848e7f:0x122b75f8f8ca31b!8m2!3d-33.8142817!4d151.1815301!16s%2Fg%2F1thf8qjj!19sChIJf46EU9iuEmsRG6OMj1-3IgE?authuser=0&hl=zh-TW&rclk=1,"camera accessories, film camera store, used camera store",Independent/niche camera-related store found via used/film/vintage/accessory keywords; Camera-related category; Appeared in film/used/vintage search,,,,,,"camera accessories Sydney.csv, film camera store Sydney.csv, used camera store Sydney.csv"
A,CameraClix,Camera store,相機專賣店,4.6,(78),Shop 1057/236 Pacific Hwy,+61 429 226 372,https://www.google.com/maps/place/CameraClix/data=!4m7!3m6!1s0x6b12a7807b6093c3:0x88733185e023094a!8m2!3d-33.7034353!4d151.1013648!16s%2Fg%2F11l9d934_3!19sChIJw5Nge4CnEmsRSgkj4IUxc4g?authuser=0&hl=zh-TW&rclk=1,"camera accessories, film camera store, used camera store",Independent/niche camera-related store found via used/film/vintage/accessory keywords; Camera-related category; Appeared in film/used/vintage search,,,,,,"camera accessories Sydney.csv, film camera store Sydney.csv, used camera store Sydney.csv"
A,Photo Equipment Store Australia,Camera store,相機專賣店,4.4,(44),"Shop 2, 8/10 The Avenue",+61 2 9420 4678,https://www.google.com/maps/place/Photo+Equipment+Store+Australia/data=!4m7!3m6!1s0x6b12bea8b937e81b:0xb286d81b1994227d!8m2!3d-33.966015!4d151.1072831!16s%2Fg%2F1jkw2hrrw!19sChIJG-g3uai-EmsRfSKUGRvYhrI?authuser=0&hl=zh-TW&rclk=1,"camera accessories, film camera store, used camera store",Independent/niche camera-related store found via used/film/vintage/accessory keywords; Camera-related category; Appeared in film/used/vintage search,,,,,,"camera accessories Sydney.csv, film camera store Sydney.csv, used camera store Sydney.csv"
A,Photo Shop Studio,Camera store,相機專賣店,4.1,(228),520 Parramatta Road,+61 2 9797 2800,https://www.google.com/maps/place/Photo+Shop+Studio/data=!4m7!3m6!1s0x6b12b0177a4df36f:0xa9b7cfce4feae36e!8m2!3d-33.876134!4d151.128879!16s%2Fg%2F1tj4yw9j!19sChIJb_NNehewEmsRbuPqT87Pt6k?authuser=0&hl=zh-TW&rclk=1,"camera accessories, film camera store, used camera store, vintage camera store",Independent/niche camera-related store found via used/film/vintage/accessory keywords; Camera-related category; Appeared in film/used/vintage search,,,,,,"camera accessories Sydney.csv, film camera store Sydney.csv, used camera store Sydney.csv, vintage camera store Sydney.csv"
B,Irohas Photo Film Lab,Photo lab / film service,相片沖印店,5.0,(576),Basement 398/402 Sussex St,+61 414 852 820,https://www.google.com/maps/place/Irohas+Photo+Film+Lab/data=!4m7!3m6!1s0x6b12af002aeee14f:0xd017afb2409c1f2d!8m2!3d-33.8780199!4d151.2049366!16s%2Fg%2F11wh651lb4!19sChIJT-HuKgCvEmsRLR-cQLKvF9A?authuser=0&hl=zh-TW&rclk=1,"camera accessories, film camera store",Film/photo lab with possible compact or film-camera audience; Appeared in film/used/vintage search,,,,,,"camera accessories Sydney.csv, film camera store Sydney.csv"
B,Macro Mode,Camera store,相機專賣店,5.0,(10),6/301a Castlereagh St,+61 402 927 010,https://www.google.com/maps/place/Macro+Mode/data=!4m7!3m6!1s0x6b12b1207a769fd1:0xc4808e1f4dc350bc!8m2!3d-33.8787283!4d151.20833!16s%2Fg%2F11fkf0xyms!19sChIJ0Z92eiCxEmsRvFDDTR-OgMQ?authuser=0&hl=zh-TW&rclk=1,"camera accessories, film camera store","Camera-related store, worth checking for accessories and contact email; Camera-related category; Appeared in film/used/vintage search",,,,,,"camera accessories Sydney.csv, film camera store Sydney.csv"
B,Specular - Sydney,Camera store,相機專賣店,5.0,(7),Suite 26/112 McEvoy St,+61 2 7922 3833,https://www.google.com/maps/place/Specular+-+Sydney/data=!4m7!3m6!1s0x6b12b1c8e5365fb7:0x2219d40f20bfdf4e!8m2!3d-33.9031263!4d151.1963114!16s%2Fg%2F11h9rs2cvh!19sChIJt1825cixEmsRTt-_IA_UGSI?authuser=0&hl=zh-TW&rclk=1,"camera accessories, film camera store","Camera-related store, worth checking for accessories and contact email; Camera-related category; Appeared in film/used/vintage search",,,,,,"camera accessories Sydney.csv, film camera store Sydney.csv"
B,Bright Beast,Camera store,相機專賣店,5.0,(1),17 Bourke Rd,,https://www.google.com/maps/place/Bright+Beast/data=!4m7!3m6!1s0x6b12b1c7e6baeb35:0xdab499fbb4d4b04b!8m2!3d-33.9060828!4d151.1990034!16s%2Fg%2F11wj3tm0y1!19sChIJNeu65sexEmsRS7DUtPuZtNo?authuser=0&hl=zh-TW&rclk=1,film camera store,"Camera-related store, worth checking for accessories and contact email; Camera-related category; Appeared in film/used/vintage search",,,,,,film camera store Sydney.csv
B,SLR Revolution,Camera store,相機專賣店,4.9,(922),"5 Coleman Street, #01-03 Excelsior Shopping Centre",6250 9412,https://www.google.com/maps/place/SLR+Revolution/data=!4m7!3m6!1s0x31da19a0d5cad835:0xa57a3d3a83d2f5be!8m2!3d1.2920702!4d103.8497553!16s%2Fg%2F11c54d2c7z!19sChIJNdjK1aAZ2jERvvXSgzo9eqU?authuser=0&hl=zh-TW&rclk=1,camera accessories,"Camera-related store, worth checking for accessories and contact email; Camera-related category",,,,,,camera accessories Sydney.csv
B,Rewind Photo Lab,Photo lab / film service,相片沖印店,4.8,(356),338-356 Mitchell Rd,+61 2 8041 7049,https://www.google.com/maps/place/Rewind+Photo+Lab/data=!4m7!3m6!1s0x6b12ae2a04a366a7:0x7d8b1ea06dc9d0c5!8m2!3d-33.906177!4d151.1886725!16s%2Fg%2F11c58tcvdr!19sChIJp2ajBCquEmsRxdDJbaAei30?authuser=0&hl=zh-TW&rclk=1,"film camera store, used camera store, vintage camera store",Film/photo lab with possible compact or film-camera audience; Appeared in film/used/vintage search,,,,,,"film camera store Sydney.csv, used camera store Sydney.csv, vintage camera store Sydney.csv"
B,Pixels Plus,Photo lab / film service,相片沖印店,4.8,(275),45 Willoughby Rd,+61 2 9437 4247,https://www.google.com/maps/place/Pixels+Plus/data=!4m7!3m6!1s0x6b12aee82e9e07c3:0x802d7017d4247ff4!8m2!3d-33.8261875!4d151.2010176!16s%2Fg%2F1tf5kt5h!19sChIJwweeLuiuEmsR9H8k1BdwLYA?authuser=0&hl=zh-TW&rclk=1,"film camera store, vintage camera store",Film/photo lab with possible compact or film-camera audience; Appeared in film/used/vintage search,,,,,,"film camera store Sydney.csv, vintage camera store Sydney.csv"
B,Pixel Perfect Prolab,Photo lab / film service,相片沖印店,4.8,(79),"TAFE Ultimo Campus, Building H/17-19 Mary Ann St",+61 2 9319 0455,https://www.google.com/maps/place/Pixel+Perfect+Prolab/data=!4m7!3m6!1s0x6b12b1d804c7c395:0x1416b5adc59cb72f!8m2!3d-33.881668!4d151.1987705!16s%2Fg%2F1thw_lnn!19sChIJlcPHBNixEmsRL7ecxa21FhQ?authuser=0&hl=zh-TW&rclk=1,"film camera store, used camera store",Film/photo lab with possible compact or film-camera audience; Appeared in film/used/vintage search,,,,,,"film camera store Sydney.csv, used camera store Sydney.csv"
B,SydneySuper8,Photo lab / film service,相片沖印店,4.7,(436),457 King St,+61 2 8084 4132,https://www.google.com/maps/place/SydneySuper8/data=!4m7!3m6!1s0x6b12b0362c4778c1:0x45ede870f15f44e8!8m2!3d-33.9014977!4d151.1784367!16s%2Fg%2F11bbrn17ss!19sChIJwXhHLDawEmsR6ERf8XDo7UU?authuser=0&hl=zh-TW&rclk=1,"camera accessories, film camera store, used camera store, vintage camera store",Film/photo lab with possible compact or film-camera audience; Appeared in film/used/vintage search,,,,,,"camera accessories Sydney.csv, film camera store Sydney.csv, used camera store Sydney.csv, vintage camera store Sydney.csv"
B,Do Film! Lab,Photo lab / film service,相片沖印店,4.7,(212),257 Crown St,+61 439 363 456,https://www.google.com/maps/place/Do+Film!+Lab/data=!4m7!3m6!1s0x6b12af52428ad2db:0xaf690e93a3a28ba1!8m2!3d-33.8799013!4d151.2148946!16s%2Fg%2F11fvxtsfzb!19sChIJ29KKQlKvEmsRoYuio5MOaa8?authuser=0&hl=zh-TW&rclk=1,film camera store,Film/photo lab with possible compact or film-camera audience; Appeared in film/used/vintage search,,,,,,film camera store Sydney.csv
B,Minto Fast Photos,Photo lab / film service,相片沖印店,4.6,(47),"Minto Mall, 10 Brookfield Rd",+61 2 8798 4759,https://www.google.com/maps/place/Minto+Fast+Photos/data=!4m7!3m6!1s0x6b12edfbf20662a5:0x3be326d0492f9c05!8m2!3d-34.0305616!4d150.8497659!16s%2Fg%2F11hylwlw4d!19sChIJpWIG8vvtEmsRBZwvSdAm4zs?authuser=0&hl=zh-TW&rclk=1,used camera store,Film/photo lab with possible compact or film-camera audience; Appeared in film/used/vintage search,,,,,,used camera store Sydney.csv
B,Fox Film Lab,Photo lab / film service,相片沖印店,4.6,(39),135 Flora St,+61 416 139 684,https://www.google.com/maps/place/Fox+Film+Lab/data=!4m7!3m6!1s0x6b12c7751d8d1fd5:0xfc81b6e0bb8b063a!8m2!3d-34.0317669!4d151.0585465!16s%2Fg%2F11gxmwb8q2!19sChIJ1R-NHXXHEmsROgaLu-C2gfw?authuser=0&hl=zh-TW&rclk=1,film camera store,Film/photo lab with possible compact or film-camera audience; Appeared in film/used/vintage search,,,,,,film camera store Sydney.csv
B,Kent Street Studio,Photo lab / film service,相片沖印店,4.5,(23),174 Canterbury Rd,+61 2 9789 9722,https://www.google.com/maps/place/Kent+Street+Studio/data=!4m7!3m6!1s0x6b12ae3ed7d622ed:0x8900751df1abe4c!8m2!3d-33.9109208!4d151.1216423!16s%2Fg%2F11bzt316m3!19sChIJ7SLW1z6uEmsRTL4a31EHkAg?authuser=0&hl=zh-TW&rclk=1,film camera store,Film/photo lab with possible compact or film-camera audience; Appeared in film/used/vintage search,,,,,,film camera store Sydney.csv
B,Landscape Photo Gear,Camera store,相機專賣店,4.4,(74),Unit 20/7 Sefton Rd,+61 2 9929 7578,https://www.google.com/maps/place/Landscape+Photo+Gear/data=!4m7!3m6!1s0x6b12aeeddb3956c5:0xeb4dec2a8b79e443!8m2!3d-33.7222181!4d151.0851641!16s%2Fg%2F1v0lkydf!19sChIJxVY52-2uEmsRQ-R5iyrsTes?authuser=0&hl=zh-TW&rclk=1,"camera accessories, film camera store","Camera-related store, worth checking for accessories and contact email; Camera-related category; Appeared in film/used/vintage search",,,,,,"camera accessories Sydney.csv, film camera store Sydney.csv"
B,Vision Image Lab,Photo lab / film service,相片沖印店,4.3,(34),"Nick Scali Building, Level 1, Unit 16/69 O'Riordan St",+61 2 9319 3300,https://www.google.com/maps/place/Vision+Image+Lab/data=!4m7!3m6!1s0x6b12b1e78761a295:0x64046cc876dcd122!8m2!3d-33.9164862!4d151.194266!16s%2Fg%2F1tdlvf98!19sChIJlaJhh-exEmsRItHcdshsBGQ?authuser=0&hl=zh-TW&rclk=1,film camera store,Film/photo lab with possible compact or film-camera audience; Appeared in film/used/vintage search,,,,,,film camera store Sydney.csv
B,FOTOGENIC,Camera store,相機店,4.2,(76),100 Station Rd,+61 455 885 885,https://www.google.com/maps/place/FOTOGENIC/data=!4m7!3m6!1s0x6b12a35aff6ed0b5:0x27166a2b41a3449a!8m2!3d-33.7757096!4d150.9440748!16s%2Fg%2F11bx60hgrl!19sChIJtdBu_1qjEmsRmkSjQStqFic?authuser=0&hl=zh-TW&rclk=1,film camera store,"Camera-related store, worth checking for accessories and contact email; Camera-related category; Appeared in film/used/vintage search",,,,,,film camera store Sydney.csv
B,Cabramatta Fast Photo,Camera store,相機店,4.2,(43),1/8 Dutton Ln,+61 2 9726 0110,https://www.google.com/maps/place/Cabramatta+Fast+Photo/data=!4m7!3m6!1s0x6b12960ea0fb4811:0x6e37eb48122d0400!8m2!3d-33.8938867!4d150.9347292!16s%2Fg%2F1tf3p1c0!19sChIJEUj7oA6WEmsRAAQtEkjrN24?authuser=0&hl=zh-TW&rclk=1,film camera store,"Camera-related store, worth checking for accessories and contact email; Camera-related category; Appeared in film/used/vintage search",,,,,,film camera store Sydney.csv
B,Kayell Australia,Camera store,相機專賣店,3.9,(68),"30 Whiting Street, Corner Whiting and, Clarendon St",+61 2 8423 7700,https://www.google.com/maps/place/Kayell+Australia/data=!4m7!3m6!1s0x6b12af26dbe6e287:0xafcb8491b0744a50!8m2!3d-33.815279!4d151.1835917!16s%2Fg%2F11bv3ml4vy!19sChIJh-Lm2yavEmsRUEp0sJGEy68?authuser=0&hl=zh-TW&rclk=1,film camera store,"Camera-related store, worth checking for accessories and contact email; Camera-related category; Appeared in film/used/vintage search",,,,,,film camera store Sydney.csv
B,Double Bay Camera Shop,Camera store,相機專賣店,3.8,(32),Shop 2/413-417 New South Head Rd,+61 2 9327 4481,https://www.google.com/maps/place/Double+Bay+Camera+Shop/data=!4m7!3m6!1s0x6b12ade78946f917:0x20dac41f019a227a!8m2!3d-33.877927!4d151.243426!16s%2Fg%2F1pt_t0czp!19sChIJF_lGieetEmsReiKaAR_E2iA?authuser=0&hl=zh-TW&rclk=1,"camera accessories, film camera store, used camera store, vintage camera store","Independent/niche camera-related store found via used/film/vintage/accessory keywords; Camera-related category; Appeared in film/used/vintage search; Rating below 4.0, review manually before first outreach",,,,,,"camera accessories Sydney.csv, film camera store Sydney.csv, used camera store Sydney.csv, vintage camera store Sydney.csv"
B,Millennium Photo Express,Photo lab / film service,相片沖印店,3.7,(27),4/57 Smart St,+61 2 9727 6537,https://www.google.com/maps/place/Millennium+Photo+Express/data=!4m7!3m6!1s0x6b12bd80ec108e07:0x9b9c6c2fdc7f8621!8m2!3d-33.868796!4d150.9554876!16s%2Fg%2F1ptx0x2ky!19sChIJB44Q7IC9EmsRIYZ_3C9snJs?authuser=0&hl=zh-TW&rclk=1,"film camera store, used camera store",Film/photo lab with possible compact or film-camera audience; Appeared in film/used/vintage search,,,,,,"film camera store Sydney.csv, used camera store Sydney.csv"
B,La-Min Photo Digital,Camera store,相機專賣店,3.3,(44),Shop5/23 Darlinghurst Rd,+61 2 9358 6578,https://www.google.com/maps/place/La-Min+Photo+Digital/data=!4m7!3m6!1s0x6b12ae0d2f8163cd:0xda6cfc3bd6cde8b4!8m2!3d-33.8732539!4d151.2242179!16s%2Fg%2F1tjhxtly!19sChIJzWOBLw2uEmsRtOjN1jv8bNo?authuser=0&hl=zh-TW&rclk=1,"film camera store, used camera store","Independent/niche camera-related store found via used/film/vintage/accessory keywords; Camera-related category; Appeared in film/used/vintage search; Rating below 4.0, review manually before first outreach",,,,,,"film camera store Sydney.csv, used camera store Sydney.csv"
B,Fotolab,Photo lab / film service,相片沖印店,3.2,(119),"Enter from, Century Tower Shop 5/ 343-357 Pitt Street, Wilmot St",+61 450 517 723,https://www.google.com/maps/place/Fotolab/data=!4m7!3m6!1s0x6b12ae3e7895390f:0x3f28e1f3ae5c9fb6!8m2!3d-33.8754205!4d151.2075727!16s%2Fg%2F1tdzlqfd!19sChIJDzmVeD6uEmsRtp9crvPhKD8?authuser=0&hl=zh-TW&rclk=1,film camera store,Film/photo lab with possible compact or film-camera audience; Appeared in film/used/vintage search,,,,,,film camera store Sydney.csv
B,A Glade Film,Camera store,相機專賣店,2.3,(3),21 Worth St,+61 481 745 230,https://www.google.com/maps/place/A+Glade+Film/data=!4m7!3m6!1s0x6b12bbcf6881114b:0xfb8b18516b243d31!8m2!3d-33.8918619!4d151.0505326!16s%2Fg%2F11skf6801b!19sChIJSxGBaM-7EmsRMT0ka1EYi_s?authuser=0&hl=zh-TW&rclk=1,film camera store,"Independent/niche camera-related store found via used/film/vintage/accessory keywords; Camera-related category; Appeared in film/used/vintage search; Rating below 4.0, review manually before first outreach",,,,,,film camera store Sydney.csv
B,Digital Camera Gear,Camera store,相機專賣店,2.0,(2),21/35-39 Higginbotham Rd,+61 1800 891 006,https://www.google.com/maps/place/Digital+Camera+Gear/data=!4m7!3m6!1s0x6b12a59a142cb87f:0x3b8cec2e258eba07!8m2!3d-33.8177679!4d151.1237004!16s%2Fg%2F1tgcy6g4!19sChIJf7gsFJqlEmsRB7qOJS7sjDs?authuser=0&hl=zh-TW&rclk=1,film camera store,"Camera-related store, worth checking for accessories and contact email; Camera-related category; Appeared in film/used/vintage search",,,,,,film camera store Sydney.csv
B,Image-Ination,Camera store,相機店,,,104 Commonwealth St,+61 1300 886 838,https://www.google.com/maps/place/Image-Ination/data=!4m7!3m6!1s0x6b12ae180d8c1097:0x10df3ad687c6d818!8m2!3d-33.8805366!4d151.2110182!16s%2Fg%2F11xp3wl2_!19sChIJlxCMDRiuEmsRGNjGh9Y63xA?authuser=0&hl=zh-TW&rclk=1,film camera store,"Camera-related store, worth checking for accessories and contact email; Camera-related category; Appeared in film/used/vintage search",,,,,,film camera store Sydney.csv
B,Night Vision,Camera store,相機專賣店,,,11 Australia Ave,+61 452 663 517,https://www.google.com/maps/place/Night+Vision/data=!4m7!3m6!1s0x6b12a57d1b9cf90d:0xe0f609d172d38c38!8m2!3d-33.8465761!4d151.07262!16s%2Fg%2F11ysg7knly!19sChIJDfmcG32lEmsROIzTctEJ9uA?authuser=0&hl=zh-TW&rclk=1,camera accessories,"Camera-related store, worth checking for accessories and contact email; Camera-related category",,,,,,camera accessories Sydney.csv
B,NSTALGIX,Camera store,相機專賣店,,,Suite 1098/308 Wattle St,,https://www.google.com/maps/place/NSTALGIX/data=!4m7!3m6!1s0x6b12af2b7b524e83:0x839df8f2c23f9a6c!8m2!3d-33.8784707!4d151.1956073!16s%2Fg%2F11y32d0dr0!19sChIJg05SeyuvEmsRbJo_wvL4nYM?authuser=0&hl=zh-TW&rclk=1,film camera store,"Camera-related store, worth checking for accessories and contact email; Camera-related category; Appeared in film/used/vintage search",,,,,,film camera store Sydney.csv
B,Silverpixel Communications Pty Ltd.,Camera store,相機店,,,1/39 Phillip St,+61 2 9565 5422,https://www.google.com/maps/place/Silverpixel+Communications+Pty+Ltd./data=!4m7!3m6!1s0x6b12b039b9650107:0xe9e49b95d03eee42!8m2!3d-33.897186!4d151.173492!16s%2Fg%2F1ptxfh761!19sChIJBwFluTmwEmsRQu4-0JWb5Ok?authuser=0&hl=zh-TW&rclk=1,film camera store,"Camera-related store, worth checking for accessories and contact email; Camera-related category; Appeared in film/used/vintage search",,,,,,film camera store Sydney.csv
C,"Dash Cam Specialists - West Ryde, Sydney",汽車用品店,汽車用品店,5.0,"(1,857)",1064 Victoria Rd,+61 430 997 394,"https://www.google.com/maps/place/Dash+Cam+Specialists+-+West+Ryde,+Sydney/data=!4m7!3m6!1s0x6b12a5489e165519:0xe72eb5304e6c5ead!8m2!3d-33.8070237!4d151.0825584!16s%2Fg%2F11jj1xpf81!19sChIJGVUWnkilEmsRrV5sTjC1Luc?authuser=0&hl=zh-TW&rclk=1",camera accessories,Needs manual check before outreach,,,,,,camera accessories Sydney.csv
C,DJI Westfield Sydney,電器舖,電器舖,5.0,"(1,133)","Westfield Sydney, Shop 1023A Level 1/188 Pitt St",+61 2 9160 7375,https://www.google.com/maps/place/DJI+Westfield+Sydney/data=!4m7!3m6!1s0x6b12af1619ed6c07:0xe93bfe86b97b3934!8m2!3d-33.8701109!4d151.2089071!16s%2Fg%2F11tsmkwmp3!19sChIJB2ztGRavEmsRNDl7uYb-O-k?authuser=0&hl=zh-TW&rclk=1,camera accessories,Needs manual check before outreach,,,,,,camera accessories Sydney.csv
C,Fantastic Framing - North Sydney,畫框專賣店,畫框專賣店,5.0,(985),2/283A Miller St,+61 2 8357 7710,https://www.google.com/maps/place/Fantastic+Framing+-+North+Sydney/data=!4m7!3m6!1s0x6b12afa61806e303:0x650d006853b30f50!8m2!3d-33.8317419!4d151.2085309!16s%2Fg%2F11jk2ntg91!19sChIJA-MGGKavEmsRUA-zU2gADWU?authuser=0&hl=zh-TW&rclk=1,used camera store,Needs manual check before outreach; Appeared in film/used/vintage search,,,,,,used camera store Sydney.csv
C,Fantastic Framing Maroubra,畫框專賣店,畫框專賣店,5.0,(940),2/818 Anzac Parade,+61 2 9185 2833,https://www.google.com/maps/place/Fantastic+Framing+Maroubra/data=!4m7!3m6!1s0x6b12bbc59b227a51:0x9b004a8de108df13!8m2!3d-33.9390967!4d151.2394276!16s%2Fg%2F11f60ww3vr!19sChIJUXoim8W7EmsRE98I4Y1KAJs?authuser=0&hl=zh-TW&rclk=1,used camera store,Needs manual check before outreach; Appeared in film/used/vintage search,,,,,,used camera store Sydney.csv
C,DJI Bondi Junction | Authorised Retail Store,電器舖,電器舖,5.0,(295),"Shop 3022, Level 3/500 Oxford St",+61 2 8355 7852,https://www.google.com/maps/place/DJI+Bondi+Junction+%7C+Authorised+Retail+Store/data=!4m7!3m6!1s0x6b12ad365bced4d1:0xf1a6e728cd814154!8m2!3d-33.8929368!4d151.2499967!16s%2Fg%2F11lym3wqn4!19sChIJ0dTOWzatEmsRVEGBzSjnpvE?authuser=0&hl=zh-TW&rclk=1,film camera store,Needs manual check before outreach; Appeared in film/used/vintage search,,,,,,film camera store Sydney.csv
C,RENTaCAM Sydney,Camera store,相機專賣店,5.0,(161),"Access via car park and through the roller door, Suite 3/396 Princes Hwy",+61 2 9669 4393,https://www.google.com/maps/place/RENTaCAM+Sydney/data=!4m7!3m6!1s0x6b12b1af121f0ecb:0x7648d990dc94c99a!8m2!3d-33.9172634!4d151.1724315!16s%2Fg%2F1tnl1k54!19sChIJyw4fEq-xEmsRmsmU3JDZSHY?authuser=0&hl=zh-TW&rclk=1,"camera accessories, film camera store, used camera store, vintage camera store","Lower fit for first outreach: department store, repair, rental, or generic photo service; Camera-related category; Appeared in film/used/vintage search",,,,,,"camera accessories Sydney.csv, film camera store Sydney.csv, used camera store Sydney.csv, vintage camera store Sydney.csv"
C,The Light Room Sydney,攝影工作室,攝影工作室,5.0,(109),650 Crown St,+61 468 722 443,https://www.google.com/maps/place/The+Light+Room+Sydney/data=!4m7!3m6!1s0x6b12b100617aff79:0x31c7ebaff29db857!8m2!3d-33.8910168!4d151.2130738!16s%2Fg%2F11vrr0b2sf!19sChIJef96YQCxEmsRV7id8q_rxzE?authuser=0&hl=zh-TW&rclk=1,film camera store,Needs manual check before outreach; Appeared in film/used/vintage search,,,,,,film camera store Sydney.csv
C,BLACKBOX-camera: Sydney Dashcam Installation,汽車用品店,汽車用品店,5.0,(91),8 Church St,+61 403 862 087,https://www.google.com/maps/place/BLACKBOX-camera:+Sydney+Dashcam+Installation/data=!4m7!3m6!1s0x6b12bb6a8c305e67:0x5b2c99dd858bdb8!8m2!3d-33.8640932!4d151.0492617!16s%2Fg%2F11x8ygczdv!19sChIJZ14wjGq7EmsRuL1Y2J3JsgU?authuser=0&hl=zh-TW&rclk=1,camera accessories,Needs manual check before outreach,,,,,,camera accessories Sydney.csv
C,Compact Camera Hire,Camera store,相機專賣店,5.0,(4),,,https://www.google.com/maps/place/Compact+Camera+Hire/data=!4m7!3m6!1s0x26fea9fbf6f28e01:0xdbc385a6d74d81b1!8m2!3d-33.8482439!4d150.9319747!16s%2Fg%2F11n3b59rl3!19sChIJAY7y9vup_iYRsYFN16aFw9s?authuser=0&hl=zh-TW&rclk=1,camera accessories,"Lower fit for first outreach: department store, repair, rental, or generic photo service; Camera-related category",,,,,,camera accessories Sydney.csv
C,DJI World Square Sydney | Authorised Retail Store,電器舖,電器舖,4.9,"(1,435)",Shop 10.47/644 George St,+61 2 9160 7373,https://www.google.com/maps/place/DJI+World+Square+Sydney+%7C+Authorised+Retail+Store/data=!4m7!3m6!1s0x6b12afc2c0b9d9f5:0x7c0b5998ed7ae2b3!8m2!3d-33.8776669!4d151.2070203!16s%2Fg%2F11h26vkgld!19sChIJ9dm5wMKvEmsRs-J67ZhZC3w?authuser=0&hl=zh-TW&rclk=1,"camera accessories, used camera store",Needs manual check before outreach; Appeared in film/used/vintage search,,,,,,"camera accessories Sydney.csv, used camera store Sydney.csv"
C,DJI Macquarie Centre | Authorised Retail Store,電器舖,電器舖,4.9,(609),"Shop 438 Cnr Herring Rd &, Waterloo Rd",+61 2 9160 7374,https://www.google.com/maps/place/DJI+Macquarie+Centre+%7C+Authorised+Retail+Store/data=!4m7!3m6!1s0x6b12a795e403040b:0x8da7470f8f2780f4!8m2!3d-33.7771244!4d151.1219092!16s%2Fg%2F11mw8fjfs2!19sChIJCwQD5JWnEmsR9IAnjw9Hp40?authuser=0&hl=zh-TW&rclk=1,"camera accessories, used camera store",Needs manual check before outreach; Appeared in film/used/vintage search,,,,,,"camera accessories Sydney.csv, used camera store Sydney.csv"
C,Mega Cash - Emerton,當舖,當舖,4.9,(586),shop 18/40 Jersey Rd,+61 2 9835 1233,https://www.google.com/maps/place/Mega+Cash+-+Emerton/data=!4m7!3m6!1s0x6b129b010dbfd99f:0x58ff12d8c2b76ea1!8m2!3d-33.7435377!4d150.8090552!16s%2Fg%2F11b7xp4tj4!19sChIJn9m_DQGbEmsRoW63wtgS_1g?authuser=0&hl=zh-TW&rclk=1,used camera store,Needs manual check before outreach; Appeared in film/used/vintage search,,,,,,used camera store Sydney.csv
C,Mega Cash - St Marys,當舖,當舖,4.9,(461),147 Queen St,+61 2 9673 0485,https://www.google.com/maps/place/Mega+Cash+-+St+Marys/data=!4m7!3m6!1s0x6b129ab1f6c5ecbb:0x2546ea9d8c3fdbc2!8m2!3d-33.766475!4d150.773876!16s%2Fg%2F1pzw39st1!19sChIJu-zF9rGaEmsRwts_jJ3qRiU?authuser=0&hl=zh-TW&rclk=1,used camera store,Needs manual check before outreach; Appeared in film/used/vintage search,,,,,,used camera store Sydney.csv
C,Mega Cash - Mount Druitt,當舖,當舖,4.9,(401),4/3 Cleeve Cl,+61 2 9625 6511,https://www.google.com/maps/place/Mega+Cash+-+Mount+Druitt/data=!4m7!3m6!1s0x6b129a5dfeab7ff9:0x5c3961212c11fdc6!8m2!3d-33.7688565!4d150.8204241!16s%2Fg%2F11xsqmfz9!19sChIJ-X-r_l2aEmsRxv0RLCFhOVw?authuser=0&hl=zh-TW&rclk=1,used camera store,Needs manual check before outreach; Appeared in film/used/vintage search,,,,,,used camera store Sydney.csv
C,Mega Cash - Blacktown,當舖,當舖,4.9,(386),Shop 1/46-48 Main St,+61 2 8610 9800,https://www.google.com/maps/place/Mega+Cash+-+Blacktown/data=!4m7!3m6!1s0x6b12996abb7dd5e3:0x952a9cada185cf2a!8m2!3d-33.7696132!4d150.9082714!16s%2Fg%2F11h18z757l!19sChIJ49V9u2qZEmsRKs-Foa2cKpU?authuser=0&hl=zh-TW&rclk=1,used camera store,Needs manual check before outreach; Appeared in film/used/vintage search,,,,,,used camera store Sydney.csv
C,WORKS PERFECT : Video Tapes to Digital : Canon & Sony Camera Repairs,影片複製服務,影片複製服務,4.9,(315),"Level 1, Shop 34/210 Pitt St",+61 410 740 004,https://www.google.com/maps/place/WORKS+PERFECT+:+Video+Tapes+to+Digital+:+Canon+%26+Sony+Camera+Repairs/data=!4m7!3m6!1s0x6b12ae3e4ee410dd:0x55915e58d0a90dbf!8m2!3d-33.8715152!4d151.209084!16s%2Fg%2F1pv09slhg!19sChIJ3RDkTj6uEmsRvw2p0FhekVU?authuser=0&hl=zh-TW&rclk=1,"camera accessories, film camera store, used camera store","Lower fit for first outreach: department store, repair, rental, or generic photo service; Appeared in film/used/vintage search",,,,,,"camera accessories Sydney.csv, film camera store Sydney.csv, used camera store Sydney.csv"
C,Videocraft Equipment,視聽設備供應商,視聽設備供應商,4.9,(92),20/39 Herbert St,+61 2 9462 8600,https://www.google.com/maps/place/Videocraft+Equipment/data=!4m7!3m6!1s0x6b12af26ff035767:0x2b9c2259cd30bd93!8m2!3d-33.8159503!4d151.1922397!16s%2Fg%2F1tggnt1h!19sChIJZ1cD_yavEmsRk70wzVkinCs?authuser=0&hl=zh-TW&rclk=1,"camera accessories, film camera store, used camera store",Needs manual check before outreach; Appeared in film/used/vintage search,,,,,,"camera accessories Sydney.csv, film camera store Sydney.csv, used camera store Sydney.csv"
C,Smart Electronix - Computers & Mobiles,手機維修店,手機維修店,4.9,(90),96 Waldron Rd,+61 426 537 881,https://www.google.com/maps/place/Smart+Electronix+-+Computers+%26+Mobiles/data=!4m7!3m6!1s0x6b12a5e7a84b3d11:0x20ff369b2b37ef52!8m2!3d-33.8831983!4d151.0031836!16s%2Fg%2F11h196_c2x!19sChIJET1LqOelEmsRUu83K5s2_yA?authuser=0&hl=zh-TW&rclk=1,used camera store,Needs manual check before outreach; Appeared in film/used/vintage search,,,,,,used camera store Sydney.csv
C,Clast,商店,商店,4.9,(65),Shop 13/417 New South Head Rd,+61 2 9563 2499,https://www.google.com/maps/place/Clast/data=!4m7!3m6!1s0xa31095e201b29351:0xe358f84e0f569e8e!8m2!3d-33.877927!4d151.243426!16s%2Fg%2F11pd1f1s_f!19sChIJUZOyAeKVEKMRjp5WD074WOM?authuser=0&hl=zh-TW&rclk=1,camera accessories,Needs manual check before outreach,,,,,,camera accessories Sydney.csv
C,Kodak Express-Sydney Central Fast Photo Services,Photo lab / film service,相片沖印店,4.8,(822),"Kodak Express, Shop 17/191 Hay St",+61 2 9281 9039,https://www.google.com/maps/place/Kodak+Express-Sydney+Central+Fast+Photo+Services/data=!4m7!3m6!1s0x6b12ae230c975f0d:0xcc861f0c47571c4a!8m2!3d-33.8802075!4d151.206275!16s%2Fg%2F11xpd135t!19sChIJDV-XDCOuEmsRShxXRwwfhsw?authuser=0&hl=zh-TW&rclk=1,"camera accessories, film camera store, used camera store, vintage camera store","Lower fit for first outreach: department store, repair, rental, or generic photo service; Appeared in film/used/vintage search",,,,,,"camera accessories Sydney.csv, film camera store Sydney.csv, used camera store Sydney.csv, vintage camera store Sydney.csv"
C,Hypop,Camera store,相機店,4.8,(503),70 Robey St,+61 1300 449 767,https://www.google.com/maps/place/Hypop/data=!4m7!3m6!1s0x6b1299c136943c41:0xdc3b99e33ffa3735!8m2!3d-33.9313069!4d151.1897513!16s%2Fg%2F1hhly5ctx!19sChIJQTyUNsGZEmsRNTf6P-OZO9w?authuser=0&hl=zh-TW&rclk=1,"camera accessories, film camera store, used camera store, vintage camera store","Large chain / official store, slower purchasing process; Camera-related category; Appeared in film/used/vintage search",,,,,,"camera accessories Sydney.csv, film camera store Sydney.csv, used camera store Sydney.csv, vintage camera store Sydney.csv"
C,C.R. Kennedy & Company,進口商,進口商,4.8,(456),Level 2/15 Bourke Rd,+61 2 9552 8300,https://www.google.com/maps/place/C.R.+Kennedy+%26+Company/data=!4m7!3m6!1s0x6b12ae3154abca91:0x47545b50b5f39159!8m2!3d-33.9252315!4d151.1882211!16s%2Fg%2F1tfl0c4t!19sChIJkcqrVDGuEmsRWZHztVBbVEc?authuser=0&hl=zh-TW&rclk=1,film camera store,Needs manual check before outreach; Appeared in film/used/vintage search,,,,,,film camera store Sydney.csv
C,SYDPHOTOS Photography & Film,結婚攝影師,結婚攝影師,4.8,(222),Shop 1/282-288 Botany Rd,+61 452 388 868,https://www.google.com/maps/place/SYDPHOTOS+Photography+%26+Film/data=!4m7!3m6!1s0x6b12b1c5c78f7d71:0x852c7c2792e77871!8m2!3d-33.903986!4d151.202151!16s%2Fg%2F11b7bzb91s!19sChIJcX2Px8WxEmsRcXjnkid8LIU?authuser=0&hl=zh-TW&rclk=1,film camera store,Needs manual check before outreach; Appeared in film/used/vintage search,,,,,,film camera store Sydney.csv
C,Fujifilm House of Photography (Retail Store),Camera store,相機店,4.8,(173),Ground floor/263 George St,+61 2 9044 8194,https://www.google.com/maps/place/Fujifilm+House+of+Photography+%28Retail+Store%29/data=!4m7!3m6!1s0x6b12af2702aad8c9:0xc7d53435cb1fc062!8m2!3d-33.8645715!4d151.2071335!16s%2Fg%2F11t5d17mxg!19sChIJydiqAievEmsRYsAfyzU01cc?authuser=0&hl=zh-TW&rclk=1,"camera accessories, film camera store, used camera store, vintage camera store","Large chain / official store, slower purchasing process; Camera-related category; Appeared in film/used/vintage search",,,,,,"camera accessories Sydney.csv, film camera store Sydney.csv, used camera store Sydney.csv, vintage camera store Sydney.csv"
C,Rubber Monkey,Camera store,相機店,4.8,(173),17/76 Reserve Rd,+61 2 8214 8965,https://www.google.com/maps/place/Rubber+Monkey/data=!4m7!3m6!1s0x6b12af80f4f2055f:0xa01647e0faefcc01!8m2!3d-33.819153!4d151.188367!16s%2Fg%2F11t5xtjv30!19sChIJXwXy9ICvEmsRAczv-uBHFqA?authuser=0&hl=zh-TW&rclk=1,"camera accessories, film camera store, used camera store","Large chain / official store, slower purchasing process; Camera-related category; Appeared in film/used/vintage search",,,,,,"camera accessories Sydney.csv, film camera store Sydney.csv, used camera store Sydney.csv"
C,Georges Cameras Chatswood,Camera store,相機專賣店,4.8,(123),"Unit 27, 1/7 Short St",+61 2 9299 0177,https://www.google.com/maps/place/Georges+Cameras+Chatswood/data=!4m7!3m6!1s0x6b12a905d5a7eab1:0x87d72b151c7d8a9b!8m2!3d-33.7859054!4d151.197088!16s%2Fg%2F11xkg1bd5q!19sChIJseqn1QWpEmsRm4p9HBUr14c?authuser=0&hl=zh-TW&rclk=1,"camera accessories, film camera store, used camera store, vintage camera store","Large chain / official store, slower purchasing process; Camera-related category; Appeared in film/used/vintage search",,,,,,"camera accessories Sydney.csv, film camera store Sydney.csv, used camera store Sydney.csv, vintage camera store Sydney.csv"
C,D & D Computer Technology,Camera store,相機專賣店,4.8,(90),3/17-19 Gould St,+61 2 9742 3733,https://www.google.com/maps/place/D+%26+D+Computer+Technology/data=!4m7!3m6!1s0x6b12bb0ceb55ddc3:0x37251226a79abb60!8m2!3d-33.8889401!4d151.0719099!16s%2Fg%2F1tdcx7mx!19sChIJw91V6wy7EmsRYLuapyYSJTc?authuser=0&hl=zh-TW&rclk=1,used camera store,"Large chain / official store, slower purchasing process; Camera-related category; Appeared in film/used/vintage search",,,,,,used camera store Sydney.csv
C,Camera Hire,設備租賃公司,設備租賃公司,4.8,(80),"Industrial Estate, G2/46-62 Maddox St",+61 2 8065 8195,https://www.google.com/maps/place/Camera+Hire/data=!4m7!3m6!1s0x6b12aa544391ed29:0x29b9d9bce316666!8m2!3d-33.909352!4d151.195039!16s%2Fg%2F11h0292mc!19sChIJKe2RQ1SqEmsRZmYxzpudmwI?authuser=0&hl=zh-TW&rclk=1,"camera accessories, film camera store, used camera store","Lower fit for first outreach: department store, repair, rental, or generic photo service; Appeared in film/used/vintage search",,,,,,"camera accessories Sydney.csv, film camera store Sydney.csv, used camera store Sydney.csv"
C,Sydney Props Photo Studios,攝影工作室,攝影工作室,4.8,(63),16 Carrington Rd,+61 2 9558 8999,https://www.google.com/maps/place/Sydney+Props+Photo+Studios/data=!4m7!3m6!1s0x6b12b089a2561953:0xb2cae959fd8d83d6!8m2!3d-33.9188493!4d151.1561752!16s%2Fg%2F1vcjmdl_!19sChIJUxlWoomwEmsR1oON_VnpyrI?authuser=0&hl=zh-TW&rclk=1,film camera store,Needs manual check before outreach; Appeared in film/used/vintage search,,,,,,film camera store Sydney.csv
C,Lemac Film & Digital,視聽設備供應商,視聽設備供應商,4.8,(28),14-16 Punch St,+61 2 9438 4488,https://www.google.com/maps/place/Lemac+Film+%26+Digital/data=!4m7!3m6!1s0x6b12aed9e9de20cf:0x5d946862b9055c06!8m2!3d-33.8137138!4d151.1911731!16s%2Fg%2F1tmbw8f1!19sChIJzyDe6dmuEmsRBlwFuWJolF0?authuser=0&hl=zh-TW&rclk=1,"film camera store, vintage camera store",Needs manual check before outreach; Appeared in film/used/vintage search,,,,,,"film camera store Sydney.csv, vintage camera store Sydney.csv"
C,Studio Mondo,攝影工作室,攝影工作室,4.8,(20),2/409 George St,+61 2 9310 6100,https://www.google.com/maps/place/Studio+Mondo/data=!4m7!3m6!1s0x6b12b1c6ab75e22b:0x4798e4fd9aedf046!8m2!3d-33.9038816!4d151.2043572!16s%2Fg%2F1trqhchj!19sChIJK-J1q8axEmsRRvDtmv3kmEc?authuser=0&hl=zh-TW&rclk=1,film camera store,Needs manual check before outreach; Appeared in film/used/vintage search,,,,,,film camera store Sydney.csv
C,Camera Warehouse,Camera store,相機專賣店,4.7,"(2,310)",Unit 1/395 Princes Hwy,+61 2 9558 3116,https://www.google.com/maps/place/Camera+Warehouse/data=!4m7!3m6!1s0x6b12ae4011ac8f13:0x57c42c8e56a23739!8m2!3d-33.9483307!4d151.1397608!16s%2Fg%2F1tj4yw8d!19sChIJE4-sEUCuEmsROTeiVo4sxFc?authuser=0&hl=zh-TW&rclk=1,"camera accessories, film camera store, used camera store, vintage camera store","Large chain / official store, slower purchasing process; Camera-related category; Appeared in film/used/vintage search",,,,,,"camera accessories Sydney.csv, film camera store Sydney.csv, used camera store Sydney.csv, vintage camera store Sydney.csv"
C,Flash Trend,電器舖,電器舖,4.7,"(1,794)",25/7-9 Percy St,+61 2 8959 8446,https://www.google.com/maps/place/Flash+Trend/data=!4m7!3m6!1s0x6b12bcaea1277c3b:0xb877e6f10bceb351!8m2!3d-33.8513031!4d151.0400555!16s%2Fg%2F11fm4b59sm!19sChIJO3wnoa68EmsRUbPOC_Hmd7g?authuser=0&hl=zh-TW&rclk=1,camera accessories,Needs manual check before outreach,,,,,,camera accessories Sydney.csv
C,DJI Store - Camzilla Roseville,電器舖,電器舖,4.7,(379),98 Pacific Hwy,+61 2 9880 9883,https://www.google.com/maps/place/DJI+Store+-+Camzilla+Roseville/data=!4m7!3m6!1s0x6b12a8c1e59bc9dd:0xf1c1b64d3659d206!8m2!3d-33.7846311!4d151.1768492!16s%2Fg%2F12q4yjngf!19sChIJ3cmb5cGoEmsRBtJZNk22wfE?authuser=0&hl=zh-TW&rclk=1,"camera accessories, used camera store",Needs manual check before outreach; Appeared in film/used/vintage search,,,,,,"camera accessories Sydney.csv, used camera store Sydney.csv"
C,SELL ME LAPTOP - Trade in laptop | Sell My MacBook | Sell used or broken computers for instant cash | Sell Camera,二手電腦店,二手電腦店,4.7,(239),22/39 Earl St,+61 452 233 007,https://www.google.com/maps/place/SELL+ME+LAPTOP+-+Trade+in+laptop+%7C+Sell+My+MacBook+%7C+Sell+used+or+broken+computers+for+instant+cash+%7C+Sell+Camera/data=!4m7!3m6!1s0x6b12bcae8e25b8fd:0xb47d8706bc642ce8!8m2!3d-33.8463983!4d150.9978815!16s%2Fg%2F11b5ytwwbg!19sChIJ_bgljq68EmsR6CxkvAaHfbQ?authuser=0&hl=zh-TW&rclk=1,used camera store,Needs manual check before outreach; Appeared in film/used/vintage search,,,,,,used camera store Sydney.csv
C,Cash Mall,當舖,當舖,4.7,(139),762 George St,+61 2 8054 1679,https://www.google.com/maps/place/Cash+Mall/data=!4m7!3m6!1s0x6b12afac59d60d93:0xc8b27838479a8c55!8m2!3d-33.8803771!4d151.2052554!16s%2Fg%2F11h3kxqg76!19sChIJkw3WWayvEmsRVYyaRzh4ssg?authuser=0&hl=zh-TW&rclk=1,used camera store,Needs manual check before outreach; Appeared in film/used/vintage search,,,,,,used camera store Sydney.csv
C,Camera House - Drummoyne,Camera store,相機專賣店,4.7,(107),146 Victoria Rd,+61 2 8068 6988,https://www.google.com/maps/place/Camera+House+-+Drummoyne/data=!4m7!3m6!1s0x6b12afc3c7a47161:0xa1abb5f76224b8f0!8m2!3d-33.8525158!4d151.1562389!16s%2Fg%2F11sk84qsqj!19sChIJYXGkx8OvEmsR8LgkYve1q6E?authuser=0&hl=zh-TW&rclk=1,"camera accessories, film camera store, used camera store, vintage camera store","Large chain / official store, slower purchasing process; Camera-related category; Appeared in film/used/vintage search",,,,,,"camera accessories Sydney.csv, film camera store Sydney.csv, used camera store Sydney.csv, vintage camera store Sydney.csv"
C,NESS Corporation,保安系統供應商,保安系統供應商,4.7,(71),4/167 Prospect Hwy,+61 2 8825 9222,https://www.google.com/maps/place/NESS+Corporation/data=!4m7!3m6!1s0x6b12988fe9fb1b4b:0x1a45bee30fcc8050!8m2!3d-33.7712377!4d150.9401811!16s%2Fg%2F11xddmqpw!19sChIJSxv76Y-YEmsRUIDMD-O-RRo?authuser=0&hl=zh-TW&rclk=1,used camera store,Needs manual check before outreach; Appeared in film/used/vintage search,,,,,,used camera store Sydney.csv
C,The Design Ark,古董家具店,古董家具店,4.7,(46),125A Houston Rd,+61 490 806 597,https://www.google.com/maps/place/The+Design+Ark/data=!4m7!3m6!1s0x6b12b1858cdb1fd7:0xead0624536a246d7!8m2!3d-33.924629!4d151.2263709!16s%2Fg%2F11dxks_rwd!19sChIJ1x_bjIWxEmsR10aiNkVi0Oo?authuser=0&hl=zh-TW&rclk=1,used camera store,Needs manual check before outreach; Appeared in film/used/vintage search,,,,,,used camera store Sydney.csv
C,digiDirect Parramatta,Camera store,相機專賣店,4.6,"(1,104)",Shop 2101 - 2103/159 Church St,+61 2 9689 3363,https://www.google.com/maps/place/digiDirect+Parramatta/data=!4m7!3m6!1s0x6b12a32047ff3199:0x5fc47f9314bfa8ab!8m2!3d-33.8173554!4d151.0033338!16s%2Fg%2F11clsjp_75!19sChIJmTH_RyCjEmsRq6i_FJN_xF8?authuser=0&hl=zh-TW&rclk=1,"camera accessories, film camera store, used camera store, vintage camera store","Large chain / official store, slower purchasing process; Camera-related category; Appeared in film/used/vintage search",,,,,,"camera accessories Sydney.csv, film camera store Sydney.csv, used camera store Sydney.csv, vintage camera store Sydney.csv"
C,Bintel - The Binocular & Telescope Shop,望遠鏡店,望遠鏡店,4.6,(519),84 Wentworth Park Rd,+61 2 9518 7255,https://www.google.com/maps/place/Bintel+-+The+Binocular+%26+Telescope+Shop/data=!4m7!3m6!1s0x6b12ae2da64a361d:0x1f018912b397b6c4!8m2!3d-33.8758629!4d151.1898974!16s%2Fg%2F1tngqfnx!19sChIJHTZKpi2uEmsRxLaXsxKJAR8?authuser=0&hl=zh-TW&rclk=1,"camera accessories, used camera store",Needs manual check before outreach; Appeared in film/used/vintage search,,,,,,"camera accessories Sydney.csv, used camera store Sydney.csv"
C,Sydney Camera Repairs,Camera store,相機專賣店,4.6,(347),36 Holden St,+61 400 993 182,https://www.google.com/maps/place/Sydney+Camera+Repairs/data=!4m7!3m6!1s0x6b12ba96e2ecc48b:0x5661ac1ab7243fcb!8m2!3d-33.8917206!4d151.1256592!16s%2Fg%2F11b6_dcbgf!19sChIJi8Ts4pa6EmsRyz8ktxqsYVY?authuser=0&hl=zh-TW&rclk=1,"camera accessories, film camera store, used camera store, vintage camera store","Lower fit for first outreach: department store, repair, rental, or generic photo service; Camera-related category; Appeared in film/used/vintage search",,,,,,"camera accessories Sydney.csv, film camera store Sydney.csv, used camera store Sydney.csv, vintage camera store Sydney.csv"
C,Camera Service Centre,相機維修店,相機維修店,4.6,(177),"Level 3, Suite 39/104 Bathurst St",+61 2 9264 7091,https://www.google.com/maps/place/Camera+Service+Centre/data=!4m7!3m6!1s0x6b12ae3de65fa29b:0x5545910a2e7ea19b!8m2!3d-33.8743948!4d151.2083617!16s%2Fg%2F1tdvpx9m!19sChIJm6Jf5j2uEmsRm6F-LgqRRVU?authuser=0&hl=zh-TW&rclk=1,"camera accessories, film camera store, used camera store",Needs manual check before outreach; Appeared in film/used/vintage search,,,,,,"camera accessories Sydney.csv, film camera store Sydney.csv, used camera store Sydney.csv"
C,Digital Foto World,護照照片處理服務,護照照片處理服務,4.6,(158),"Shop R18, 324 Pitt St inside food court building",,https://www.google.com/maps/place/Digital+Foto+World/data=!4m7!3m6!1s0x6b12ae3d082742bf:0xb3ae77f74576b13d!8m2!3d-33.8758992!4d151.2082415!16s%2Fg%2F1tj6tzw9!19sChIJv0InCD2uEmsRPbF2Rfd3rrM?authuser=0&hl=zh-TW&rclk=1,camera accessories,Needs manual check before outreach,,,,,,camera accessories Sydney.csv
C,Recompute,二手電腦店,二手電腦店,4.6,(138),6/38 Canterbury Rd,+61 1300 132 326,https://www.google.com/maps/place/Recompute/data=!4m7!3m6!1s0x6b12beaf8e52b9dd:0x67500ed2b8e212fa!8m2!3d-33.9352415!4d151.0360287!16s%2Fg%2F1tf31k7_!19sChIJ3blSjq--EmsR-hLiuNIOUGc?authuser=0&hl=zh-TW&rclk=1,used camera store,Needs manual check before outreach; Appeared in film/used/vintage search,,,,,,used camera store Sydney.csv
C,Camera Fix,相機維修店,相機維修店,4.6,(86),Suite 9/89/97 Jones St,+61 415 996 182,https://www.google.com/maps/place/Camera+Fix/data=!4m7!3m6!1s0x6b12b1eaadc0af73:0x5168c359940cb4f9!8m2!3d-33.8790846!4d151.1966966!16s%2Fg%2F11ht42s3gf!19sChIJc6_AreqxEmsR-bQMlFnDaFE?authuser=0&hl=zh-TW&rclk=1,"camera accessories, film camera store, used camera store, vintage camera store",Needs manual check before outreach; Appeared in film/used/vintage search,,,,,,"camera accessories Sydney.csv, film camera store Sydney.csv, used camera store Sydney.csv, vintage camera store Sydney.csv"
C,Camera House - Brookvale,Camera store,相機專賣店,4.5,(651),Shop 1424/5 Westfield Warringah Mall,+61 2 9907 1955,https://www.google.com/maps/place/Camera+House+-+Brookvale/data=!4m7!3m6!1s0x6b12aa46ad5a0215:0xd91d2c3a54df9ad7!8m2!3d-33.7684183!4d151.2652613!16s%2Fg%2F1tk1n46f!19sChIJFQJarUaqEmsR15rfVDosHdk?authuser=0&hl=zh-TW&rclk=1,"camera accessories, film camera store, used camera store, vintage camera store","Large chain / official store, slower purchasing process; Camera-related category; Appeared in film/used/vintage search",,,,,,"camera accessories Sydney.csv, film camera store Sydney.csv, used camera store Sydney.csv, vintage camera store Sydney.csv"
C,Bing Lee Penrith,Camera store,相機專賣店,4.5,(321),"Home Consortium - Penrith, Shop T3/72-82 Mulgoa Rd",+61 2 9781 3158,https://www.google.com/maps/place/Bing+Lee+Penrith/data=!4m7!3m6!1s0x6b1288b4f9bcad21:0x4f9ec2488c95cc09!8m2!3d-33.7644573!4d150.6826397!16s%2Fg%2F1q6jj7jtr!19sChIJIa28-bSIEmsRCcyVjEjCnk8?authuser=0&hl=zh-TW&rclk=1,used camera store,"Large chain / official store, slower purchasing process; Camera-related category; Appeared in film/used/vintage search",,,,,,used camera store Sydney.csv
C,Artys Surplus Store,古董店,古董店,4.5,(136),119 Cox Ave,+61 2 4722 6612,https://www.google.com/maps/place/Artys+Surplus+Store/data=!4m7!3m6!1s0x6b128584359e3ba3:0x4763d24df7f057c2!8m2!3d-33.7556533!4d150.7128906!16s%2Fg%2F1tk1n428!19sChIJozueNYSFEmsRwlfw903SY0c?authuser=0&hl=zh-TW&rclk=1,used camera store,Needs manual check before outreach; Appeared in film/used/vintage search,,,,,,used camera store Sydney.csv
C,Camera House - Rouse Hill,Camera store,相機專賣店,4.5,(96),"Centre, Shop D-GR 164, 10-14 Market Ln",+61 2 7204 5920,https://www.google.com/maps/place/Camera+House+-+Rouse+Hill/data=!4m7!3m6!1s0x6b129f7230b403c3:0xdf8f523253f6865e!8m2!3d-33.68912!4d150.9263683!16s%2Fg%2F11q982zr4k!19sChIJwwO0MHKfEmsRXob2UzJSj98?authuser=0&hl=zh-TW&rclk=1,used camera store,"Large chain / official store, slower purchasing process; Camera-related category; Appeared in film/used/vintage search",,,,,,used camera store Sydney.csv
C,digiDirect - Bondi,Camera store,相機專賣店,4.4,(586),Shop 1044/500/500 Oxford St,+61 2 8383 0900,https://www.google.com/maps/place/digiDirect+-+Bondi/data=!4m7!3m6!1s0x6b12adf17f6915e1:0x84fbb4e5e14e4452!8m2!3d-33.8917177!4d151.2504557!16s%2Fg%2F1vg6tx05!19sChIJ4RVpf_GtEmsRUkRO4eW0-4Q?authuser=0&hl=zh-TW&rclk=1,"camera accessories, film camera store, vintage camera store","Large chain / official store, slower purchasing process; Camera-related category; Appeared in film/used/vintage search",,,,,,"camera accessories Sydney.csv, film camera store Sydney.csv, vintage camera store Sydney.csv"
C,Mwave,電腦舖,電腦舖,4.3,"(9,547)",Bldg 2/34-48 Cosgrove Rd,+61 2 8257 3699,https://www.google.com/maps/place/Mwave/data=!4m7!3m6!1s0x6b12bb51c9bebc19:0x18822d8514169245!8m2!3d-33.8920445!4d151.0736315!16s%2Fg%2F1q5gj_jss!19sChIJGby-yVG7EmsRRZIWFIUtghg?authuser=0&hl=zh-TW&rclk=1,camera accessories,Needs manual check before outreach,,,,,,camera accessories Sydney.csv
C,digiDirect Miranda,Camera store,相機專賣店,4.3,(510),Shop 1098/600 Kingsway,+61 2 9589 5700,https://www.google.com/maps/place/digiDirect+Miranda/data=!4m7!3m6!1s0x6b12c78510a3c2ff:0xac7617179118eb4b!8m2!3d-34.0352695!4d151.1004734!16s%2Fg%2F1tdlbwlp!19sChIJ_8KjEIXHEmsRS-sYkRcXdqw?authuser=0&hl=zh-TW&rclk=1,"camera accessories, film camera store, used camera store","Large chain / official store, slower purchasing process; Camera-related category; Appeared in film/used/vintage search",,,,,,"camera accessories Sydney.csv, film camera store Sydney.csv, used camera store Sydney.csv"
C,Digital Camera Warehouse,Camera store,相機專賣店,4.3,(322),174 Canterbury Rd,+61 1300 365 220,https://www.google.com/maps/place/Digital+Camera+Warehouse/data=!4m7!3m6!1s0x6b12ba617328b941:0x7871243681d3b589!8m2!3d-33.91085!4d151.121481!16s%2Fg%2F1tmpf29t!19sChIJQbkoc2G6EmsRibXTgTYkcXg?authuser=0&hl=zh-TW&rclk=1,"camera accessories, film camera store, used camera store, vintage camera store","Large chain / official store, slower purchasing process; Camera-related category; Appeared in film/used/vintage search",,,,,,"camera accessories Sydney.csv, film camera store Sydney.csv, used camera store Sydney.csv, vintage camera store Sydney.csv"
C,Camera House - Hornsby,Camera store,相機專賣店,4.3,(170),Shop 1057/236 Pacific Hwy,+61 2 9476 1086,https://www.google.com/maps/place/Camera+House+-+Hornsby/data=!4m7!3m6!1s0x6b12a7845ee56efd:0xb88a32eaf6410885!8m2!3d-33.7038299!4d151.1018864!16s%2Fg%2F1tfls4yf!19sChIJ_W7lXoSnEmsRhQhB9uoyirg?authuser=0&hl=zh-TW&rclk=1,"film camera store, used camera store","Large chain / official store, slower purchasing process; Camera-related category; Appeared in film/used/vintage search",,,,,,"film camera store Sydney.csv, used camera store Sydney.csv"
C,Leica Store and Gallery Sydney,Camera store,相機專賣店,4.3,(107),"Shops 40-44, Level 2, QVB, 455 George St",+61 2 9264 7098,https://www.google.com/maps/place/Leica+Store+and+Gallery+Sydney/data=!4m7!3m6!1s0x6b12ae3e8eeaad67:0xbe022be3cc48dfc6!8m2!3d-33.8721139!4d151.206738!16s%2Fg%2F11cssz8jbq!19sChIJZ63qjj6uEmsRxt9IzOMrAr4?authuser=0&hl=zh-TW&rclk=1,"camera accessories, film camera store, used camera store, vintage camera store","Large chain / official store, slower purchasing process; Camera-related category; Appeared in film/used/vintage search",,,,,,"camera accessories Sydney.csv, film camera store Sydney.csv, used camera store Sydney.csv, vintage camera store Sydney.csv"
C,Charing Cross Photo & Framing,畫框專賣店,畫框專賣店,4.3,(38),263 Bronte Rd,+61 2 9369 5783,https://www.google.com/maps/place/Charing+Cross+Photo+%26+Framing/data=!4m7!3m6!1s0x6b12b20aef8c902b:0x50478efe472e692e!8m2!3d-33.901959!4d151.2543498!16s%2Fg%2F1xpwjykh!19sChIJK5CM7wqyEmsRLmkuR_6OR1A?authuser=0&hl=zh-TW&rclk=1,film camera store,Needs manual check before outreach; Appeared in film/used/vintage search,,,,,,film camera store Sydney.csv
C,Analogue Garage,二手店,二手店,4.3,(12),57 Hereford St,+61 406 677 050,https://www.google.com/maps/place/Analogue+Garage/data=!4m7!3m6!1s0x6b12a543c026ab79:0x2165d86e5891167f!8m2!3d-33.880562!4d151.1816743!16s%2Fg%2F11g0t8vp32!19sChIJeasmwEOlEmsRfxaRWG7YZSE?authuser=0&hl=zh-TW&rclk=1,"film camera store, used camera store",Needs manual check before outreach; Appeared in film/used/vintage search,,,,,,"film camera store Sydney.csv, used camera store Sydney.csv"
C,Georges Cameras,Camera store,相機專賣店,4.2,"(3,663)",387 George St,+61 2 9299 0177,https://www.google.com/maps/place/Georges+Cameras/data=!4m7!3m6!1s0x6b12ae3f0d0b2d69:0x7e00f02e18a3ada8!8m2!3d-33.8694926!4d151.2068063!16s%2Fg%2F1hc1y2rbg!19sChIJaS0LDT-uEmsRqK2jGC7wAH4?authuser=0&hl=zh-TW&rclk=1,"camera accessories, film camera store, used camera store, vintage camera store","Large chain / official store, slower purchasing process; Camera-related category; Appeared in film/used/vintage search",,,,,,"camera accessories Sydney.csv, film camera store Sydney.csv, used camera store Sydney.csv, vintage camera store Sydney.csv"
C,JB Hi-Fi City - World Square,Camera store,相機專賣店,4.2,"(3,104)","World Square Shopping Centre Store 9.42, Lower Ground Level, 644 George St",+61 2 9307 0600,https://www.google.com/maps/place/JB+Hi-Fi+City+-+World+Square/data=!4m7!3m6!1s0x6b12ae3cc9d8039b:0xaf10b3d06460919f!8m2!3d-33.8774582!4d151.2072834!16s%2Fg%2F1tk6_nmp!19sChIJmwPYyTyuEmsRn5FgZNCzEK8?authuser=0&hl=zh-TW&rclk=1,"camera accessories, film camera store, used camera store","Large chain / official store, slower purchasing process; Camera-related category; Appeared in film/used/vintage search",,,,,,"camera accessories Sydney.csv, film camera store Sydney.csv, used camera store Sydney.csv"
C,JB Hi-Fi City - Strand Arcade Pitt St Mall,Camera store,相機專賣店,4.2,"(2,440)",412-414 George St,+61 2 9928 7200,https://www.google.com/maps/place/JB+Hi-Fi+City+-+Strand+Arcade+Pitt+St+Mall/data=!4m7!3m6!1s0x6b12ae3f74e15c2f:0x13b8511cef54f651!8m2!3d-33.8694487!4d151.2076488!16s%2Fg%2F1vvr6cbv!19sChIJL1zhdD-uEmsRUfZU7xxRuBM?authuser=0&hl=zh-TW&rclk=1,"camera accessories, film camera store","Large chain / official store, slower purchasing process; Camera-related category; Appeared in film/used/vintage search",,,,,,"camera accessories Sydney.csv, film camera store Sydney.csv"
C,JB Hi-Fi City - Westfield Sydney,Camera store,相機專賣店,4.2,"(2,268)","Westfield Sydney Shopping Centre Store 6010, Level 6 Corner Pitt &, Market St",+61 2 9928 7000,https://www.google.com/maps/place/JB+Hi-Fi+City+-+Westfield+Sydney/data=!4m7!3m6!1s0x6b12ae3fb22b805d:0x290a41398b3cfd22!8m2!3d-33.8696581!4d151.208421!16s%2Fg%2F1tv2495j!19sChIJXYArsj-uEmsRIv08izlBCik?authuser=0&hl=zh-TW&rclk=1,"camera accessories, film camera store, used camera store","Large chain / official store, slower purchasing process; Camera-related category; Appeared in film/used/vintage search",,,,,,"camera accessories Sydney.csv, film camera store Sydney.csv, used camera store Sydney.csv"
C,JB Hi-Fi City - Galeries,Camera store,相機專賣店,4.2,"(1,781)","The Galeries, Store Rlg23/500 George St",+61 2 9307 1400,https://www.google.com/maps/place/JB+Hi-Fi+City+-+Galeries/data=!4m7!3m6!1s0x6b12ae3e5fda3c47:0x59439406665adc9c!8m2!3d-33.8725576!4d151.2073138!16s%2Fg%2F1vc6dkbb!19sChIJRzzaXz6uEmsRnNxaZgaUQ1k?authuser=0&hl=zh-TW&rclk=1,"camera accessories, film camera store","Large chain / official store, slower purchasing process; Camera-related category; Appeared in film/used/vintage search",,,,,,"camera accessories Sydney.csv, film camera store Sydney.csv"
C,JB Hi-Fi Brookvale,Camera store,相機專賣店,4.2,"(1,179)","Westfield Warringah Mall Shopping Centre Store 191, Level 1 Corner Condamine Street &, Old Pittwater Rd",+61 2 8976 2600,https://www.google.com/maps/place/JB+Hi-Fi+Brookvale/data=!4m7!3m6!1s0x6b12aa457c007c09:0x68eae2560403280f!8m2!3d-33.7683918!4d151.2646623!16s%2Fg%2F1thx_z3l!19sChIJCXwAfEWqEmsRDygDBFbi6mg?authuser=0&hl=zh-TW&rclk=1,film camera store,"Large chain / official store, slower purchasing process; Camera-related category; Appeared in film/used/vintage search",,,,,,film camera store Sydney.csv
C,JB Hi-Fi North Sydney,Camera store,相機專賣店,4.2,"(1,123)",99 Mount St,+61 2 8918 6700,https://www.google.com/maps/place/JB+Hi-Fi+North+Sydney/data=!4m7!3m6!1s0x6b12aef294333b37:0x5562c1e2f611a545!8m2!3d-33.8392895!4d151.2085324!16s%2Fg%2F124sy52ng!19sChIJNzszlPKuEmsRRaUR9uLBYlU?authuser=0&hl=zh-TW&rclk=1,"camera accessories, film camera store, used camera store","Large chain / official store, slower purchasing process; Camera-related category; Appeared in film/used/vintage search",,,,,,"camera accessories Sydney.csv, film camera store Sydney.csv, used camera store Sydney.csv"
C,Bing Lee Campbelltown,Camera store,相機專賣店,4.2,(447),6/24 Blaxland Rd,+61 2 9781 3157,https://www.google.com/maps/place/Bing+Lee+Campbelltown/data=!4m7!3m6!1s0x6b12eef5d8eba8e5:0x5bbd9a8d13840944!8m2!3d-34.0588381!4d150.816884!16s%2Fg%2F11bwn60923!19sChIJ5ajr2PXuEmsRRAmEE42avVs?authuser=0&hl=zh-TW&rclk=1,used camera store,"Large chain / official store, slower purchasing process; Camera-related category; Appeared in film/used/vintage search",,,,,,used camera store Sydney.csv
C,Bing Lee Rockdale,Camera store,相機專賣店,4.2,(314),"Shop 3 Mezzanine Level, 1 Rockdale Plaza Dr",+61 2 9781 3160,https://www.google.com/maps/place/Bing+Lee+Rockdale/data=!4m7!3m6!1s0x6b12b755e89df4d9:0x6826d289683186d2!8m2!3d-33.9576045!4d151.1397923!16s%2Fg%2F1td7ngnb!19sChIJ2fSd6FW3EmsR0oYxaInSJmg?authuser=0&hl=zh-TW&rclk=1,used camera store,"Large chain / official store, slower purchasing process; Camera-related category; Appeared in film/used/vintage search",,,,,,used camera store Sydney.csv
C,RYDA DOT COM,Camera store,相機專賣店,4.2,(305),730-738 Parramatta Rd,+61 2 9568 8888,https://www.google.com/maps/place/RYDA+DOT+COM/data=!4m7!3m6!1s0x6b12b00dcdb9d5e9:0xafb70163d9d6aa75!8m2!3d-33.889999!4d151.149287!16s%2Fg%2F1hc528b_h!19sChIJ6dW5zQ2wEmsRdarW2WMBt68?authuser=0&hl=zh-TW&rclk=1,"camera accessories, film camera store, used camera store","Large chain / official store, slower purchasing process; Camera-related category; Appeared in film/used/vintage search",,,,,,"camera accessories Sydney.csv, film camera store Sydney.csv, used camera store Sydney.csv"
C,Jaycar Electronics Sydney City,電器舖,電器舖,4.2,(191),"Opposite Qvb, Opposite QVB, 127 York St",+61 2 9267 1614,https://www.google.com/maps/place/Jaycar+Electronics+Sydney+City/data=!4m7!3m6!1s0x6b12ae3e9353b7bb:0x10e713ac49fdadf4!8m2!3d-33.8719051!4d151.2062828!16s%2Fg%2F1v42fz6q!19sChIJu7dTkz6uEmsR9K39SawT5xA?authuser=0&hl=zh-TW&rclk=1,camera accessories,Needs manual check before outreach,,,,,,camera accessories Sydney.csv
C,JB Hi-Fi Homebush HOME,Camera store,相機專賣店,4.1,"(2,699)","Homebush Direct Factory Outlet, Store 2 - 007/3-5 Underwood Rd",+61 2 8575 8300,https://www.google.com/maps/place/JB+Hi-Fi+Homebush+HOME/data=!4m7!3m6!1s0x6b12bb3354075b4d:0xc1622b6e2ac62025!8m2!3d-33.8550111!4d151.07675!16s%2Fg%2F11b8b335jq!19sChIJTVsHVDO7EmsRJSDGKm4rYsE?authuser=0&hl=zh-TW&rclk=1,film camera store,"Large chain / official store, slower purchasing process; Camera-related category; Appeared in film/used/vintage search",,,,,,film camera store Sydney.csv
C,JB Hi-Fi Bondi,Camera store,相機專賣店,4.1,"(1,942)","Westfield, Store 2026-2028, Level 2/500 Oxford St",+61 2 9386 8000,https://www.google.com/maps/place/JB+Hi-Fi+Bondi/data=!4m7!3m6!1s0x6b12adf14b7e68b9:0x805fb4b0b5f712fc!8m2!3d-33.8928252!4d151.2499869!16s%2Fg%2F1tsykbhz!19sChIJuWh-S_GtEmsR_BL3tbC0X4A?authuser=0&hl=zh-TW&rclk=1,film camera store,"Large chain / official store, slower purchasing process; Camera-related category; Appeared in film/used/vintage search",,,,,,film camera store Sydney.csv
C,JB Hi-Fi Castle Towers,Camera store,相機專賣店,4.1,"(1,899)",6-14 Castle St,+61 2 8853 0100,https://www.google.com/maps/place/JB+Hi-Fi+Castle+Towers/data=!4m7!3m6!1s0x6b12a10eb489d9c9:0x21419ea624beaa67!8m2!3d-33.7305426!4d151.0067541!16s%2Fg%2F1pv60lhky!19sChIJydmJtA6hEmsRZ6q-JKaeQSE?authuser=0&hl=zh-TW&rclk=1,used camera store,"Large chain / official store, slower purchasing process; Camera-related category; Appeared in film/used/vintage search",,,,,,used camera store Sydney.csv
C,JB Hi-Fi Roselands,Camera store,相機專賣店,4.1,"(1,877)","Roselands Shopping Centre, M202/24 Roselands Dr",+61 2 9784 3800,https://www.google.com/maps/place/JB+Hi-Fi+Roselands/data=!4m7!3m6!1s0x6b12bbe01c951ccf:0x1042a19eff56e165!8m2!3d-33.9343068!4d151.0696061!16s%2Fg%2F1yghb7krq!19sChIJzxyVHOC7EmsRZeFW_56hQhA?authuser=0&hl=zh-TW&rclk=1,used camera store,"Large chain / official store, slower purchasing process; Camera-related category; Appeared in film/used/vintage search",,,,,,used camera store Sydney.csv
C,JB Hi-Fi Chatswood Westfield,Camera store,相機專賣店,4.1,"(1,719)",Store 500 Anderson St,+61 2 8918 7400,https://www.google.com/maps/place/JB+Hi-Fi+Chatswood+Westfield/data=!4m7!3m6!1s0x6b12a8d6a2a038d7:0xba6ba442bb0b86d!8m2!3d-33.7972649!4d151.1840375!16s%2Fg%2F1w112bdy!19sChIJ1zigotaoEmsRbbiwK0S6pgs?authuser=0&hl=zh-TW&rclk=1,used camera store,"Large chain / official store, slower purchasing process; Camera-related category; Appeared in film/used/vintage search",,,,,,used camera store Sydney.csv
C,digiDirect Sydney,Camera store,相機專賣店,4.1,"(1,369)",Shop 3/75 King St,+61 2 8235 9600,https://www.google.com/maps/place/digiDirect+Sydney/data=!4m7!3m6!1s0x6b12ae3f6f7aa6cf:0xb118e857485d3a34!8m2!3d-33.8687464!4d151.2063756!16s%2Fg%2F1wfvmtb2!19sChIJz6Z6bz-uEmsRNDpdSFfoGLE?authuser=0&hl=zh-TW&rclk=1,"camera accessories, film camera store, used camera store, vintage camera store","Large chain / official store, slower purchasing process; Camera-related category; Appeared in film/used/vintage search",,,,,,"camera accessories Sydney.csv, film camera store Sydney.csv, used camera store Sydney.csv, vintage camera store Sydney.csv"
C,Ted's World Of Imaging,Camera store,相機專賣店,4.1,(848),317 Pitt St,+61 2 9264 1687,https://www.google.com/maps/place/Ted%27s+World+Of+Imaging/data=!4m7!3m6!1s0x6b12ae3dd08a9f7b:0x332153866339f9bb!8m2!3d-33.8739629!4d151.2078981!16s%2Fg%2F1tf60fp8!19sChIJe5-K0D2uEmsRu_k5Y4ZTITM?authuser=0&hl=zh-TW&rclk=1,"camera accessories, film camera store, used camera store, vintage camera store","Large chain / official store, slower purchasing process; Camera-related category; Appeared in film/used/vintage search",,,,,,"camera accessories Sydney.csv, film camera store Sydney.csv, used camera store Sydney.csv, vintage camera store Sydney.csv"
C,Bing Lee Blacktown,Camera store,相機專賣店,4.1,(308),"Blacktown Mega Centre, 3B/4B St Martins Cres",+61 2 9781 3134,https://www.google.com/maps/place/Bing+Lee+Blacktown/data=!4m7!3m6!1s0x6b1298507cc585b3:0x9911178cd06cec2!8m2!3d-33.7811803!4d150.9191458!16s%2Fg%2F1tnpfl6d!19sChIJs4XFfFCYEmsRws4GzXgRkQk?authuser=0&hl=zh-TW&rclk=1,used camera store,"Large chain / official store, slower purchasing process; Camera-related category; Appeared in film/used/vintage search",,,,,,used camera store Sydney.csv
C,Camera House - Narellan,Camera store,相機專賣店,4.1,(201),2/28 Somerset Ave,+61 418 511 211,https://www.google.com/maps/place/Camera+House+-+Narellan/data=!4m7!3m6!1s0x6b12f1d4345077e9:0x529deebbb7bd995d!8m2!3d-34.0419998!4d150.7394994!16s%2Fg%2F11sgbdtlyz!19sChIJ6XdQNNTxEmsRXZm9t7vunVI?authuser=0&hl=zh-TW&rclk=1,"film camera store, used camera store, vintage camera store","Large chain / official store, slower purchasing process; Camera-related category; Appeared in film/used/vintage search",,,,,,"film camera store Sydney.csv, used camera store Sydney.csv, vintage camera store Sydney.csv"
C,Camera House - Penrith,Camera store,相機專賣店,4.1,(134),"Westfield Shopping Centre, Shop 33/585 High St",+61 2 4732 2591,https://www.google.com/maps/place/Camera+House+-+Penrith/data=!4m7!3m6!1s0x6b12858ebed3153d:0x602c14660e9d6fbc!8m2!3d-33.7509436!4d150.6920712!16s%2Fg%2F1hjgrt4jj!19sChIJPRXTvo6FEmsRvG-dDmYULGA?authuser=0&hl=zh-TW&rclk=1,"film camera store, used camera store","Large chain / official store, slower purchasing process; Camera-related category; Appeared in film/used/vintage search",,,,,,"film camera store Sydney.csv, used camera store Sydney.csv"
C,JB Hi-Fi Parramatta Westfield,Camera store,相機專賣店,4.0,"(5,050)","Westfield Parramatta Shopping Centre, Store 5057b/159-175 Church St",+61 2 8633 2600,https://www.google.com/maps/place/JB+Hi-Fi+Parramatta+Westfield/data=!4m7!3m6!1s0x6b12a32042e8f7d5:0x4028aea1e79a43aa!8m2!3d-33.8167682!4d151.0016319!16s%2Fg%2F1tj2j12t!19sChIJ1ffoQiCjEmsRqkOa56GuKEA?authuser=0&hl=zh-TW&rclk=1,"film camera store, used camera store","Large chain / official store, slower purchasing process; Camera-related category; Appeared in film/used/vintage search",,,,,,"film camera store Sydney.csv, used camera store Sydney.csv"
C,JB Hi-Fi Broadway,Camera store,相機專賣店,4.0,"(2,639)","The Broadway Shopping Centre, Store 207, Level 2/1 Bay St",+61 2 9212 8500,https://www.google.com/maps/place/JB+Hi-Fi+Broadway/data=!4m7!3m6!1s0x6b12ae29bb0e2ced:0xd43aba7c11d26a4d!8m2!3d-33.88413!4d151.1946698!16s%2Fg%2F1jgl_q4m9!19sChIJ7SwOuymuEmsRTWrSEXy6OtQ?authuser=0&hl=zh-TW&rclk=1,camera accessories,"Large chain / official store, slower purchasing process; Camera-related category",,,,,,camera accessories Sydney.csv
C,CeX,電器舖,電器舖,4.0,(266),"Bankstown Central, Shop SP157/1 North Terrace",+61 1300 233 327,https://www.google.com/maps/place/CeX/data=!4m7!3m6!1s0x6b12bc0f841d6e5b:0xb4194f329583c193!8m2!3d-33.9167971!4d151.037568!16s%2Fg%2F1q5gjd5v1!19sChIJW24dhA-8EmsRk8GDlTJPGbQ?authuser=0&hl=zh-TW&rclk=1,used camera store,Needs manual check before outreach; Appeared in film/used/vintage search,,,,,,used camera store Sydney.csv
C,Bing Lee Carlingford,Camera store,相機專賣店,3.9,(411),Shop 95a/801-809 Pennant Hills Rd,+61 2 9781 3135,https://www.google.com/maps/place/Bing+Lee+Carlingford/data=!4m7!3m6!1s0x6b12a6ae18aafa85:0x8cfac333bf205f62!8m2!3d-33.7763004!4d151.0528597!16s%2Fg%2F1tgdt8yb!19sChIJhfqqGK6mEmsRYl8gvzPD-ow?authuser=0&hl=zh-TW&rclk=1,used camera store,"Large chain / official store, slower purchasing process; Camera-related category; Appeared in film/used/vintage search",,,,,,used camera store Sydney.csv
C,Bing Lee Casula,Camera store,相機專賣店,3.9,(408),"Crossroads Homemakers Centre, 10B Parkers Farm Pl",+61 2 9781 3155,https://www.google.com/maps/place/Bing+Lee+Casula/data=!4m7!3m6!1s0x6b1294b694e7b9b1:0xd0035156d54696bb!8m2!3d-33.9579998!4d150.8814994!16s%2Fg%2F1tfqljnz!19sChIJsbnnlLaUEmsRu5ZG1VZRA9A?authuser=0&hl=zh-TW&rclk=1,used camera store,"Large chain / official store, slower purchasing process; Camera-related category; Appeared in film/used/vintage search",,,,,,used camera store Sydney.csv
C,Bing Lee Mount Druitt,Camera store,相機專賣店,3.9,(252),Shop MB2A/2770 Luxford Rd,+61 2 9781 3137,https://www.google.com/maps/place/Bing+Lee+Mount+Druitt/data=!4m7!3m6!1s0x6b129a5c0cc3b6df:0xb9030a1b3bde52f4!8m2!3d-33.7673351!4d150.8174645!16s%2Fg%2F11bwl3wb1r!19sChIJ37bDDFyaEmsR9FLeOxsKA7k?authuser=0&hl=zh-TW&rclk=1,used camera store,"Large chain / official store, slower purchasing process; Camera-related category; Appeared in film/used/vintage search",,,,,,used camera store Sydney.csv
C,Bing Lee Liverpool,Camera store,相機專賣店,3.8,(262),"The Grove Homemaker Centre Shop R31 2, 18 Orange Grove Rd",+61 2 9781 3150,https://www.google.com/maps/place/Bing+Lee+Liverpool/data=!4m7!3m6!1s0x6b1295b8c60e41e3:0xd3ca0b11fe81f6c5!8m2!3d-33.9065718!4d150.9204039!16s%2Fg%2F1w96gwzb!19sChIJ40EOxriVEmsRxfaB_hELytM?authuser=0&hl=zh-TW&rclk=1,used camera store,"Large chain / official store, slower purchasing process; Camera-related category; Appeared in film/used/vintage search",,,,,,used camera store Sydney.csv
C,Bing Lee Burwood,Camera store,相機專賣店,3.7,(489),103 Burwood Rd,+61 2 9781 3127,https://www.google.com/maps/place/Bing+Lee+Burwood/data=!4m7!3m6!1s0x6b12badb6c9c4f6d:0x2eed735d45a95713!8m2!3d-33.8764295!4d151.1037283!16s%2Fg%2F1w0r01md!19sChIJbU-cbNu6EmsRE1epRV1z7S4?authuser=0&hl=zh-TW&rclk=1,used camera store,"Large chain / official store, slower purchasing process; Camera-related category; Appeared in film/used/vintage search",,,,,,used camera store Sydney.csv
C,Harvey Norman 2nds World Auburn,Camera store,相機專賣店,3.6,(646),103-123 Parramatta Rd,+61 2 9748 4898,https://www.google.com/maps/place/Harvey+Norman+2nds+World+Auburn/data=!4m7!3m6!1s0x6b12a3361a90f429:0x61c08aa4ddb39432!8m2!3d-33.8436048!4d151.0413835!16s%2Fg%2F1vnrqrv7!19sChIJKfSQGjajEmsRMpSz3aSKwGE?authuser=0&hl=zh-TW&rclk=1,used camera store,"Large chain / official store, slower purchasing process; Camera-related category; Appeared in film/used/vintage search",,,,,,used camera store Sydney.csv
C,Camera House - Castle Hill,Camera store,相機專賣店,3.6,(161),Shop 250A/6 Castle St,+61 2 9894 5006,https://www.google.com/maps/place/Camera+House+-+Castle+Hill/data=!4m7!3m6!1s0x6b12a10c0050146b:0x4f216dc34df00a4!8m2!3d-33.7291913!4d151.0068116!16s%2Fg%2F11h0vrykp!19sChIJaxRQAAyhEmsRpADfNNwW8gQ?authuser=0&hl=zh-TW&rclk=1,"camera accessories, film camera store","Large chain / official store, slower purchasing process; Camera-related category; Appeared in film/used/vintage search",,,,,,"camera accessories Sydney.csv, film camera store Sydney.csv"
D,Myer Bankstown,Department store,百貨公司,3.9,"(1,363)",North Terrace,1300 112 460,https://www.google.com/maps/place/Myer+Bankstown/data=!4m7!3m6!1s0x6b12bc0f777cf3e3:0xc38a3da0a330ae34!8m2!3d-33.916306!4d151.039589!16s%2Fg%2F1tdy4mlx!19sChIJ4_N8dw-8EmsRNK4wo6A9isM?authuser=0&hl=zh-TW&rclk=1,vintage camera store,"Lower fit for first outreach: department store, repair, rental, or generic photo service; Appeared in film/used/vintage search",,,,,,vintage camera store Sydney.csv
