"hfpxzc href","qBF1Pd","MW4etd","UY7F9","W4Efsd","W4Efsd 2","doJOZc","W4Efsd 3","W4Efsd 4","W4Efsd 5","W4Efsd 6","W4Efsd 7","UsdlK","FQ2IWe src","ah5Ghc","M4A5Cf","ah5Ghc 2","M4A5Cf 2","ah5Ghc 3"
"","","","","","","","","","","","","","","","","","",""
"","","","","","","","","","","","","","","","","","",""
"https://www.google.com/maps/place/Camera+Warehouse/data=!4m7!3m6!1s0x6b12ae4011ac8f13:0x57c42c8e56a23739!8m2!3d-33.9483307!4d151.1397608!16s%2Fg%2F1tj4yw8d!19sChIJE4-sEUCuEmsROTeiVo4sxFc?authuser=0&hl=zh-TW&rclk=1","Camera Warehouse","4.7","(2,310)","相機專賣店","·","","·","Unit 1/395 Princes Hwy","已打烊","· 開始營業時間：10:00","·","+61 2 9558 3116","https://lh3.googleusercontent.com/gps-cs-s/APNQkAHl-U0m4Ew6TahNXBrBBUir6mppiYgwZOf48fnS7MaeXL4IfqMjIVLn-zxNSD23V0-uH_XTBND0JeEItjXRFwh06hMDUETtq5CyVnkTK4jmTsbihx6auhyId6BhBylEJDjyd0SHkA=w138-h92-k-no","店內購物","·","來店取貨","·","外送"
"https://www.google.com/maps/place/Tradelectronics/data=!4m7!3m6!1s0x6b12aff32ad45b19:0xb7ed23001870a883!8m2!3d-33.8896481!4d151.1256244!16s%2Fg%2F11h80m0__z!19sChIJGVvUKvOvEmsRg6hwGAAj7bc?authuser=0&hl=zh-TW&rclk=1","Tradelectronics","4.7","(316)","相機專賣店","·","","·","Suite 101 Floor 1/206/208 Liverpool Rd","已打烊","· 開始營業時間：週一10:00","·","+61 426 746 583","https://lh3.googleusercontent.com/gps-cs-s/APNQkAEuH7ge_MCrLHDICZ2qcPhkTe_P-PREgrd5AI6EMHAK55ha4cLfjsATi0fG-FxQwRy-I6Ti9r2_eA94qW7180mAlxORowpnTAqn7RlGcYpgLvatiL07QpRo3b7qrVuPkAnlbRJk=w122-h92-k-no","外送","","","",""
"https://www.google.com/maps/place/Georges+Cameras/data=!4m7!3m6!1s0x6b12ae3f0d0b2d69:0x7e00f02e18a3ada8!8m2!3d-33.8694926!4d151.2068063!16s%2Fg%2F1hc1y2rbg!19sChIJaS0LDT-uEmsRqK2jGC7wAH4?authuser=0&hl=zh-TW&rclk=1","Georges Cameras","4.2","(3,663)","相機專賣店","·","","·","387 George St","已打烊","· 開始營業時間：09:00","·","+61 2 9299 0177","https://lh3.googleusercontent.com/gps-cs-s/APNQkAFf-1PFLVTPYcHiGNNkxWcShpUenbWUOqu70zkooFvrrHvW1qV2xJWUsp0lPZS4XjdctMxPt7Au5wQbjB2p8igKyXSe580JdI9Al7UdCY51guu6lnqpn8YLqSRESIQU5GPM2-ct=w122-h92-k-no","來店取貨","·","外送","",""
"https://www.google.com/maps/place/digiDirect+Sydney/data=!4m7!3m6!1s0x6b12ae3f6f7aa6cf:0xb118e857485d3a34!8m2!3d-33.8687464!4d151.2063756!16s%2Fg%2F1wfvmtb2!19sChIJz6Z6bz-uEmsRNDpdSFfoGLE?authuser=0&hl=zh-TW&rclk=1","digiDirect Sydney","4.1","(1,369)","相機專賣店","·","","·","Shop 3/75 King St","已打烊","· 開始營業時間：10:00","·","+61 2 8235 9600","https://lh3.googleusercontent.com/gps-cs-s/APNQkAHrm3SuGAA5Sfmxm_YBHgLh8t7WTN8zGnt7G-D_ASaxjdPCJbKYLhOo4TBO--QFrJ26pJGTZFpygtIXRfwQiE5DkRyei1CuAKsmD8xllJ97Aix5y8kE0IDqAl1sDMG51cjjekGy=w163-h92-k-no","店內購物","·","來店取貨","·","外送"
"https://www.google.com/maps/place/Ted%27s+World+Of+Imaging/data=!4m7!3m6!1s0x6b12ae3dd08a9f7b:0x332153866339f9bb!8m2!3d-33.8739629!4d151.2078981!16s%2Fg%2F1tf60fp8!19sChIJe5-K0D2uEmsRu_k5Y4ZTITM?authuser=0&hl=zh-TW&rclk=1","Ted's World Of Imaging","4.1","(848)","相機專賣店","·","","·","317 Pitt St","已打烊","· 開始營業時間：10:00","·","+61 2 9264 1687","https://lh3.googleusercontent.com/gps-cs-s/APNQkAF-xsnUXi_uePr9ZE5JgvQCl5_PQpYU_mjuXktHvNUxVxBmCTpm_6wnkCeitmGyLntYh-HsngVBkXTUSpyqzyLlK87k8gvQGC9hED_PeaPT0ARJVUAPfEFctsJt-b2VBb0m14UXjw=w138-h92-k-no","店內購物","·","來店取貨","·","外送"
"https://www.google.com/maps/place/SydneySuper8/data=!4m7!3m6!1s0x6b12b0362c4778c1:0x45ede870f15f44e8!8m2!3d-33.9014977!4d151.1784367!16s%2Fg%2F11bbrn17ss!19sChIJwXhHLDawEmsR6ERf8XDo7UU?authuser=0&hl=zh-TW&rclk=1","SydneySuper8","4.7","(436)","相片沖印店","·","","457 King St","·","已打烊","· 開始營業時間：11:00","","+61 2 8084 4132","https://lh3.googleusercontent.com/gps-cs-s/APNQkAEaulAQMRUfnzQou6odm2CAntkLyNuDRhOw3XtC0QhqD4f_XDcRvR3N1DloBtFwT8B-mpIame2LT0BrdRrEUp6sWeLE06HTrxy1wLOlqW1VNVzrE2whoho-D_CtBFeMfxjznyXC=w138-h92-k-no","門市服務","·","線上預約服務","",""
"https://www.google.com/maps/place/Leica+Store+and+Gallery+Sydney/data=!4m7!3m6!1s0x6b12ae3e8eeaad67:0xbe022be3cc48dfc6!8m2!3d-33.8721139!4d151.206738!16s%2Fg%2F11cssz8jbq!19sChIJZ63qjj6uEmsRxt9IzOMrAr4?authuser=0&hl=zh-TW&rclk=1","Leica Store and Gallery Sydney","4.3","(107)","相機專賣店","·","","·","Shops 40-44, Level 2, QVB, 455 George St","已打烊","· 開始營業時間：10:00","·","+61 2 9264 7098","https://lh3.googleusercontent.com/gps-cs-s/APNQkAFSblptxrHqPCCrBkFzSv4FiXd87-CAFvf_YYicovlc2v-HjMWTmu8E3XgIXuKs2w3WjxSbkUyaRBiE8YRkCOqdWMVv5IBH5wSDTgUfLIPB9U1zTe7kA_i7M2tQT9GHRZZj5kdt=w80-h106-k-no","店內購物","·","來店取貨","·","外送"
"https://www.google.com/maps/place/Kudos+Cameras/data=!4m7!3m6!1s0x6b12b1e6dc77d339:0xebdb84aea7027a40!8m2!3d-33.9206642!4d151.0994882!16s%2Fg%2F11cm0j6w7n!19sChIJOdN33OaxEmsRQHoCp66E2-s?authuser=0&hl=zh-TW&rclk=1","Kudos Cameras","5.0","(14)","批發商","·","","·","Kudos Cameras Sydney, 5/37 Charlotte St","已打烊","· 開始營業時間：週一09:30","·","+61 2 8599 2858","https://lh3.googleusercontent.com/gps-cs-s/APNQkAH3Ds7DVPOVJQYsd58QmP8oqiCp_7szvxOJmieosmzexEvnEBBgFpdjoyvmdhIExItEJQUKwBf3GlM1DDGfrHsNlrPvMlWYJx20TUj2PyiDF9FAlf8Tx4kR9iWV7tiwwxGWNlvXAg=w92-h92-k-no","店內購物","·","來店取貨","·","外送"
"https://www.google.com/maps/place/Digital+Camera+Warehouse/data=!4m7!3m6!1s0x6b12ba617328b941:0x7871243681d3b589!8m2!3d-33.91085!4d151.121481!16s%2Fg%2F1tmpf29t!19sChIJQbkoc2G6EmsRibXTgTYkcXg?authuser=0&hl=zh-TW&rclk=1","Digital Camera Warehouse","4.3","(322)","相機專賣店","·","","·","174 Canterbury Rd","已打烊","· 開始營業時間：09:00","·","+61 1300 365 220","https://lh3.googleusercontent.com/gps-cs-s/APNQkAH9CmNw9FlLDiyiY3GlASZnmAP18fRq_7PrSwMmmIUG3N6CzSK9QX81SswGzp1ndPCrlZ0Kyv1jb62zbydR3hvo0bXWb_Js8JVk5aSPUvlK5pss7aAqHGy78kEj4OFO8YTl27ALNA=w138-h92-k-no","店內購物","·","來店取貨","·","外送"
"https://www.google.com/maps/place/digiDirect+Parramatta/data=!4m7!3m6!1s0x6b12a32047ff3199:0x5fc47f9314bfa8ab!8m2!3d-33.8173554!4d151.0033338!16s%2Fg%2F11clsjp_75!19sChIJmTH_RyCjEmsRq6i_FJN_xF8?authuser=0&hl=zh-TW&rclk=1","digiDirect Parramatta","4.6","(1,104)","相機專賣店","·","","·","Shop 2101 - 2103/159 Church St","已打烊","· 開始營業時間：10:00","·","+61 2 9689 3363","https://lh3.googleusercontent.com/gps-cs-s/APNQkAHuRdyxvU1ob32GFiAW8fjgUxaYAf0it1SLw3vdgrT2SkuvdXOzreaev-ViBOaL5K7ffSIWqN32j0pVhvYhsQM-BzMw0tFkq9PwiEZ2TvQ4BCHx82yErd_dyEDuHMw5ZdDqE5Y=w138-h92-k-no","店內購物","·","來店取貨","·","外送"
"https://www.google.com/maps/place/RENTaCAM+Sydney/data=!4m7!3m6!1s0x6b12b1af121f0ecb:0x7648d990dc94c99a!8m2!3d-33.9172634!4d151.1724315!16s%2Fg%2F1tnl1k54!19sChIJyw4fEq-xEmsRmsmU3JDZSHY?authuser=0&hl=zh-TW&rclk=1","RENTaCAM Sydney","5.0","(161)","相機專賣店","·","","·","Access via car park and through the roller door, Suite 3/396 Princes Hwy","已打烊","· 開始營業時間：07:00","·","+61 2 9669 4393","https://lh3.googleusercontent.com/gps-cs-s/APNQkAFrSpcv3CjcW814mzHLeuU-l8LISB9x6OUQnxXN6zDZ0sp_PG3VvG8553KP1UcRMGknlHPNc3TNT3HdDZrVfHi8qYsn-57zmTD8ySg0_-2Iq2YjeBHONrJJhG1Ht04lCt6o7zmaFe3sCSsI=w80-h106-k-no","外送","","","",""
"https://www.google.com/maps/place/Georges+Cameras+Chatswood/data=!4m7!3m6!1s0x6b12a905d5a7eab1:0x87d72b151c7d8a9b!8m2!3d-33.7859054!4d151.197088!16s%2Fg%2F11xkg1bd5q!19sChIJseqn1QWpEmsRm4p9HBUr14c?authuser=0&hl=zh-TW&rclk=1","Georges Cameras Chatswood","4.8","(123)","相機專賣店","·","","·","Unit 27, 1/7 Short St","已打烊","· 開始營業時間：10:00","·","+61 2 9299 0177","https://lh3.googleusercontent.com/gps-cs-s/APNQkAFkHkZq9bhU_X01u-K7G9s3s1yZOEPO_9Ok97XYjsaFe09hGub27oxIsmMzsSC4gscS5fNqUb4HaFz9no4ES4zKEi6OZLNtcapSDy5e7CZDM312rSty21AzhdVN-F04LYdcwqRpx8Erc7Q=w138-h92-k-no","門市服務","","","",""
"https://www.google.com/maps/place/Classic+Cameras+AU/data=!4m7!3m6!1s0x257820d30b5844c9:0x96a5e3184b24fb0d!8m2!3d-33.827468!4d151.2022759!16s%2Fg%2F11s45yh66d!19sChIJyURYC9MgeCURDfskSxjjpZY?authuser=0&hl=zh-TW&rclk=1","Classic Cameras AU","5.0","(39)","相機專賣店","·","","Ste 20/37 Alexander St","·","已打烊","· 開始營業時間：週二09:30","","+61 435 310 644","https://lh3.googleusercontent.com/gps-cs-s/APNQkAGba9y2KRrQzerVxZLaO5mBNZnO3h9BYZVoBiTGLXCdApliD38vOg4Xo577AFlFt7gJzpSmrMfoy44g7FX-naoPlQQo8lVcM4VxALNqt9VSTUb3DQrpL0p2fHG3-ne2TiDD5SwIjh04fCY=w122-h92-k-no","外送","","","",""
"https://www.google.com/maps/place/Double+Bay+Camera+Shop/data=!4m7!3m6!1s0x6b12ade78946f917:0x20dac41f019a227a!8m2!3d-33.877927!4d151.243426!16s%2Fg%2F1pt_t0czp!19sChIJF_lGieetEmsReiKaAR_E2iA?authuser=0&hl=zh-TW&rclk=1","Double Bay Camera Shop","3.8","(32)","相機專賣店","·","","Shop 2/413-417 New South Head Rd","·","已打烊","· 開始營業時間：09:00","","+61 2 9327 4481","https://lh3.googleusercontent.com/gps-cs-s/APNQkAFg5DDyB1C9ebssuiEfbCicvQq6x6WWlr-YMTJFSaSHOn-5vxBpb3ErRXbXRQf6e-rVl7cLK2D3z2OTENayf99sMGP7IVUrqrg2-JUZNkOR-vkjo9xyoJfrGEhRJzk4DCoGx5e_=w124-h92-k-no","店內購物","·","來店取貨","·","外送"
"https://www.google.com/maps/place/Sydney+Camera+Repairs/data=!4m7!3m6!1s0x6b12ba96e2ecc48b:0x5661ac1ab7243fcb!8m2!3d-33.8917206!4d151.1256592!16s%2Fg%2F11b6_dcbgf!19sChIJi8Ts4pa6EmsRyz8ktxqsYVY?authuser=0&hl=zh-TW&rclk=1","Sydney Camera Repairs","4.6","(347)","相機專賣店","·","","·","36 Holden St","已打烊","· 開始營業時間：10:00","·","+61 400 993 182","https://lh3.googleusercontent.com/gps-cs-s/APNQkAHXugLT7k4hczy5TyDqvarappIWR1ykFaatMGuWWZr3J514PbwZPxp_P6jnUXOivOIzNlc-zUN6gDAngL3ibul-LTtjuT-vVgaKUQRNMrxUIZC-Z8DgwY63jlXJjsu-vpm4worE=w80-h106-k-no","門市服務","","","",""
"https://www.google.com/maps/place/Camera+Fix/data=!4m7!3m6!1s0x6b12b1eaadc0af73:0x5168c359940cb4f9!8m2!3d-33.8790846!4d151.1966966!16s%2Fg%2F11ht42s3gf!19sChIJc6_AreqxEmsR-bQMlFnDaFE?authuser=0&hl=zh-TW&rclk=1","Camera Fix","4.6","(86)","相機維修店","·","","Suite 9/89/97 Jones St","·","已打烊","· 開始營業時間：週一09:00","","+61 415 996 182","https://lh3.googleusercontent.com/gps-cs-s/APNQkAG14c65JaN4_bqLNj2dakB_idlCSJQWR5zaWLAhQN_D4PPMpcRMpY_SUNCIbmriYjTvUjOW4lpqIKVHAPd5L49jzmp8G1abdim7RUeLz5TE5XJuBCKDMBPgbtw-LPMFZ9DjW88=w137-h92-k-no","門市服務","","","",""
"https://www.google.com/maps/place/Camera+House+-+Drummoyne/data=!4m7!3m6!1s0x6b12afc3c7a47161:0xa1abb5f76224b8f0!8m2!3d-33.8525158!4d151.1562389!16s%2Fg%2F11sk84qsqj!19sChIJYXGkx8OvEmsR8LgkYve1q6E?authuser=0&hl=zh-TW&rclk=1","Camera House - Drummoyne","4.7","(107)","相機專賣店","·","","·","146 Victoria Rd","已打烊","· 開始營業時間：10:00","·","+61 2 8068 6988","https://lh3.googleusercontent.com/gps-cs-s/APNQkAF2d3UlMbY53RPhCpygEGwwxIcpJlvsKwaj2O38zccLoKiCVmf5jlq9m5u0dHrGEDlDpNRSQ6T0d6DDaUtV1IZZT0hHyQEb-ptrxyjWT8wV9iit0-ZDfJYE5sRe0tID9fafXktEUsSWv5CC=w122-h92-k-no","店內購物","·","店外取貨","·","外送"
"https://www.google.com/maps/place/Hypop/data=!4m7!3m6!1s0x6b1299c136943c41:0xdc3b99e33ffa3735!8m2!3d-33.9313069!4d151.1897513!16s%2Fg%2F1hhly5ctx!19sChIJQTyUNsGZEmsRNTf6P-OZO9w?authuser=0&hl=zh-TW&rclk=1","Hypop","4.8","(503)","相機店","·","","70 Robey St","·","已打烊","· 開始營業時間：週一09:00","","+61 1300 449 767","https://lh3.googleusercontent.com/gps-cs-s/APNQkAEbrJxz_rKnsVSAkLuqHCR43y8oEuR9akoW6kmKjYBYrtRAJ7YazHL9xdtW53iXjYVON_s3KYXp-TFm9OneAOfG3GA4yY6M75FF8y2tgqi47KX1dz5Op6cMMDZG5AF3eWFepzM=w122-h92-k-no","店內購物","·","店外取貨","·","外送"
"https://www.google.com/maps/place/Camera+House+-+Brookvale/data=!4m7!3m6!1s0x6b12aa46ad5a0215:0xd91d2c3a54df9ad7!8m2!3d-33.7684183!4d151.2652613!16s%2Fg%2F1tk1n46f!19sChIJFQJarUaqEmsR15rfVDosHdk?authuser=0&hl=zh-TW&rclk=1","Camera House - Brookvale","4.5","(651)","相機專賣店","·","","·","Shop 1424/5 Westfield Warringah Mall","已打烊","· 開始營業時間：09:00","·","+61 2 9907 1955","https://lh3.googleusercontent.com/gps-cs-s/APNQkAFdvaGYwFPxoYkysyXdPhB6Nj0eY7C03s_6k2lpJL71GQM1sQXJwUjw-_SjlNIl40FEtn5vAayuPcO08jaa3Ua6YdGo-nNLukkPt4G9Chzzos-PJSUKSuLl6hQOD8ThhNLb_Jubl0mTNm4B=w138-h92-k-no","店內購物","·","來店取貨","·","外送"
"https://www.google.com/maps/place/Dragon+Image/data=!4m7!3m6!1s0x6b12aed853848e7f:0x122b75f8f8ca31b!8m2!3d-33.8142817!4d151.1815301!16s%2Fg%2F1thf8qjj!19sChIJf46EU9iuEmsRG6OMj1-3IgE?authuser=0&hl=zh-TW&rclk=1","Dragon Image","4.6","(149)","相機專賣店","·","","·","2 McLachlan Ave","已打烊","· 開始營業時間：週一09:00","·","+61 2 9906 5488","https://lh3.googleusercontent.com/gps-cs-s/APNQkAFRjieucG8NZL_ael7ob0_J2ZSkRYLFnfJjiQDt12RARcNJ5ah7yD06dT3bBsj9CrdY3XdN8hG1boWg7JHhqWWcNeo5otkOWrG1X0v2oKyyugMLr060d7Jz6hAwnB2p65KhnQcmcg=w138-h92-k-no","店內購物","·","來店取貨","·","外送"
"https://www.google.com/maps/place/Rewind+Photo+Lab/data=!4m7!3m6!1s0x6b12ae2a04a366a7:0x7d8b1ea06dc9d0c5!8m2!3d-33.906177!4d151.1886725!16s%2Fg%2F11c58tcvdr!19sChIJp2ajBCquEmsRxdDJbaAei30?authuser=0&hl=zh-TW&rclk=1","Rewind Photo Lab","4.8","(356)","相片沖印店","·","","·","338-356 Mitchell Rd","已打烊","· 開始營業時間：10:00","·","+61 2 8041 7049","https://lh3.googleusercontent.com/gps-cs-s/APNQkAEKkELKA-eVGVVs91odmZ2UPxpv4oEiWSuzM_lh_Dijazmv0oMKyHRz8DuYTffxaeQFq4M9fS7KsFywer0BGTuWTXrTNKiA3sZzhnR6Vnr9CkGRNBOK0uTvtGQ7inJ3CjcLPCEGtg=w137-h92-k-no","門市服務","","","",""
"https://www.google.com/maps/place/Photo+Equipment+Store+Australia/data=!4m7!3m6!1s0x6b12bea8b937e81b:0xb286d81b1994227d!8m2!3d-33.966015!4d151.1072831!16s%2Fg%2F1jkw2hrrw!19sChIJG-g3uai-EmsRfSKUGRvYhrI?authuser=0&hl=zh-TW&rclk=1","Photo Equipment Store Australia","4.4","(44)","相機專賣店","·","","·","Shop 2, 8/10 The Avenue","已打烊","· 開始營業時間：週一09:00","·","+61 2 9420 4678","https://lh3.googleusercontent.com/gps-cs-s/APNQkAGn4PKCpbVIsVuSOo11Mpj24XG0zpoFZFq9FRV90xHF70Y-M7EqUUUXHKeU51UY861rw73RE7vgsrZFnq2TcChtTkg_EnKw2glEbR1e__wxnY7YiCERC3FJuBenyFBb63Gcp0G9Ig=w138-h92-k-no","外送","","","",""
"https://www.google.com/maps/place/Kodak+Express-Sydney+Central+Fast+Photo+Services/data=!4m7!3m6!1s0x6b12ae230c975f0d:0xcc861f0c47571c4a!8m2!3d-33.8802075!4d151.206275!16s%2Fg%2F11xpd135t!19sChIJDV-XDCOuEmsRShxXRwwfhsw?authuser=0&hl=zh-TW&rclk=1","Kodak Express-Sydney Central Fast Photo Services","4.8","(822)","相片沖印店","·","","·","Kodak Express, Shop 17/191 Hay St","已打烊","· 開始營業時間：10:00","·","+61 2 9281 9039","https://lh3.googleusercontent.com/gps-cs-s/APNQkAESAGF7SI0uZs1JFmhfVkdo85C3ZD_8ZlrlIjhgvK-TPP-Wxkq03JdB7XeLAXi5tiV_NVJPF6kzkseNSQeLgtjd7AglUyYRC_rVNrq4Jf42kEWOxnh7qWwaLXPu-BrTY2-pGrfJ2g=w123-h92-k-no","門市服務","·","線上預約服務","",""
"https://www.google.com/maps/place/WORKS+PERFECT+:+Video+Tapes+to+Digital+:+Canon+%26+Sony+Camera+Repairs/data=!4m7!3m6!1s0x6b12ae3e4ee410dd:0x55915e58d0a90dbf!8m2!3d-33.8715152!4d151.209084!16s%2Fg%2F1pv09slhg!19sChIJ3RDkTj6uEmsRvw2p0FhekVU?authuser=0&hl=zh-TW&rclk=1","WORKS PERFECT : Video Tapes to Digital : Canon & Sony Camera Repairs","4.9","(315)","相機維修店","·","","Level 1, Shop 34/210 Pitt St","·","已打烊","· 開始營業時間：10:00","","+61 410 740 004","https://lh3.googleusercontent.com/gps-cs-s/APNQkAHM9jHTpr52o-BpTL65eEhl0B9GKcecOR960ZAVXi5wZGgZ6jg1SlrsVXnycb1ciknZS8sLGiYED420MIibBSE-tLz7v4SvOprcRomw046jwViL79BNHLdudutC3lqOrJlLcCpx5w=w122-h92-k-no","門市服務","","","",""
"https://www.google.com/maps/place/Southern+Cross+Cameras+Australia/data=!4m7!3m6!1s0x6b12a8b7004d5f81:0xe3dd2306c6c41fe1!8m2!3d-33.7848747!4d151.1965596!16s%2Fg%2F1tfbym8f!19sChIJgV9NALeoEmsR4R_ExgYj3eM?authuser=0&hl=zh-TW&rclk=1","Southern Cross Cameras Australia","5.0","(1)","相機專賣店","·","","·","Unit 47/28 Barcoo St","已打烊","· 開始營業時間：週一09:30","·","+61 438 828 432","https://lh3.googleusercontent.com/gps-cs-s/APNQkAEJl8i540BwyRnvOrL4BIcLMu4AgYL2WlB50YSTUFD1hKJQmcn1bX1DfEUZltBa43hW05GFyklwj2nAytM3dydehpsXM5g6mjo7KI1C4dO8XmojZXKU4iGr5fDwBWSzH6iPDnU=w105-h92-k-no","外送","","","",""
"https://www.google.com/maps/place/digiDirect+Miranda/data=!4m7!3m6!1s0x6b12c78510a3c2ff:0xac7617179118eb4b!8m2!3d-34.0352695!4d151.1004734!16s%2Fg%2F1tdlbwlp!19sChIJ_8KjEIXHEmsRS-sYkRcXdqw?authuser=0&hl=zh-TW&rclk=1","digiDirect Miranda","4.3","(510)","相機專賣店","·","","·","Shop 1098/600 Kingsway","已打烊","· 開始營業時間：09:30","·","+61 2 9589 5700","https://lh3.googleusercontent.com/gps-cs-s/APNQkAG9YLsURsfUW002hxW4bz_6ZvOYuX10SIVBJFYEBlmDIKWd1gRl_zKzPC6SvUi4IVcBgbTd-7_CwElpQCQblvy5u6mNuaLBWadWsGs9QJvEC66l_9WYtEWgsDnWMeNfUg95eW7iAw=w122-h92-k-no","店內購物","·","來店取貨","·","外送"
"https://www.google.com/maps/place/La-Min+Photo+Digital/data=!4m7!3m6!1s0x6b12ae0d2f8163cd:0xda6cfc3bd6cde8b4!8m2!3d-33.8732539!4d151.2242179!16s%2Fg%2F1tjhxtly!19sChIJzWOBLw2uEmsRtOjN1jv8bNo?authuser=0&hl=zh-TW&rclk=1","La-Min Photo Digital","3.3","(44)","相機專賣店","·","","Shop5/23 Darlinghurst Rd","·","已打烊","· 開始營業時間：10:00","","+61 2 9358 6578","https://lh3.googleusercontent.com/gps-cs-s/APNQkAGjEuA0TfbwTKIPVWVSyAxS6RnKR2U0L5kUZHJLRK0xueVAUuVL49cof99_hZ6zmlhpIfTJ0DLTu3dUe9P32yzHOmw67vwwYmheUvjntMsHEmzAcyDeOcBmk2AGZXxiIO98EXsKrg=w163-h92-k-no","門市服務","","","",""
"https://www.google.com/maps/place/Camera+House+-+Narellan/data=!4m7!3m6!1s0x6b12f1d4345077e9:0x529deebbb7bd995d!8m2!3d-34.0419998!4d150.7394994!16s%2Fg%2F11sgbdtlyz!19sChIJ6XdQNNTxEmsRXZm9t7vunVI?authuser=0&hl=zh-TW&rclk=1","Camera House - Narellan","4.1","(201)","相機專賣店","·","","·","2/28 Somerset Ave","已打烊","· 開始營業時間：09:00","·","+61 418 511 211","https://lh3.googleusercontent.com/gps-cs-s/APNQkAGOynal_QHNDoguRyY4jJIf0Pq79RdK4PK7w3D2QurfYa8wfmo6mjMd3DvrdJS0FOmRNNoZAooQLrlnlY_tJreRshnOzGo2_-pciM1xLHisuu4elF7ougJqYlIlg7bw8qW4DGw=w122-h92-k-no","店內購物","·","來店取貨","·","外送"
"https://www.google.com/maps/place/Photo+Shop+Studio/data=!4m7!3m6!1s0x6b12b0177a4df36f:0xa9b7cfce4feae36e!8m2!3d-33.8761337!4d151.1288793!16s%2Fg%2F1tj4yw9j!19sChIJb_NNehewEmsRbuPqT87Pt6k?authuser=0&hl=zh-TW&rclk=1","Photo Shop Studio","4.1","(228)","相機店","·","","·","520 Parramatta Rd","已打烊","· 開始營業時間：09:00","·","+61 2 9797 2800","https://lh3.googleusercontent.com/gps-cs-s/APNQkAHxOgnYmNzOGcJ95yMfbO5N-1XzIMeNudu-7p6aKEsLoaMakdXPfDrQiPwYGh0kY2b-lebm68-Zgdx6jATJs_WwxRIzQpXtmuxCYieqtLdAN4mhsr4qyxtsrkyq4OMlQWq5eZYe=w122-h92-k-no","店內購物","·","來店取貨","·","外送"
"https://www.google.com/maps/place/Photoland/data=!4m7!3m6!1s0x6b12ae3f8bea1cf9:0x90e1e41585590575!8m2!3d-33.8681514!4d151.2106813!16s%2Fg%2F1tjvtmrj!19sChIJ-Rzqiz-uEmsRdQVZhRXk4ZA?authuser=0&hl=zh-TW&rclk=1","Photoland","4.8","(429)","相機店","·","","Shop 5/60 Elizabeth St","·","已打烊","· 開始營業時間：週一08:00","","+61 2 9235 1933","https://lh3.googleusercontent.com/gps-cs-s/APNQkAHFOVENNESKaHqI3jo5SywoibN639_YCxCMr6huNKhvQryvNiIX_0cHMgU1V7w-Nf5Gvwv_86BHWMx25mbn_79V5rGhEQ2Lpx8h033m6lvBdjhGI8hAe9QWCOph4_sJIl3IseTjTQ=w122-h92-k-no","來店取貨","·","外送","",""
"https://www.google.com/maps/place/Mega+Cash+-+Mount+Druitt/data=!4m7!3m6!1s0x6b129a5dfeab7ff9:0x5c3961212c11fdc6!8m2!3d-33.7688565!4d150.8204241!16s%2Fg%2F11xsqmfz9!19sChIJ-X-r_l2aEmsRxv0RLCFhOVw?authuser=0&hl=zh-TW&rclk=1","Mega Cash - Mount Druitt","4.9","(401)","當舖","·","","·","4/3 Cleeve Cl","已打烊","· 開始營業時間：09:00","·","+61 2 9625 6511","https://lh3.googleusercontent.com/gps-cs-s/APNQkAErBYjMUAkYBYkHg3fXOg1tydN2L61FDs5vVEiSsmxMQZJ8ku-d5_jF4wPVwKljdXzlHfU6sJU-2iI7rDwRuc9qeub3ZoQQxz8qRu4dbVrvfbbA4RFJPguBz2ibJDU2px_bS9uKnQ=w224-h92-k-no","店內購物","","","",""
"https://www.google.com/maps/place/Analogue+Garage/data=!4m7!3m6!1s0x6b12a543c026ab79:0x2165d86e5891167f!8m2!3d-33.880562!4d151.1816743!16s%2Fg%2F11g0t8vp32!19sChIJeasmwEOlEmsRfxaRWG7YZSE?authuser=0&hl=zh-TW&rclk=1","Analogue Garage","4.3","(12)","二手店","·","","·","57 Hereford St","已打烊","· 開始營業時間：週一10:00","·","+61 406 677 050","https://lh3.googleusercontent.com/gps-cs-s/APNQkAFWFwhm-kuPWIFyoOWywoLBXb5APB-bHwov8E9cFOVimMpLb76CVjBhlla-pfvsbkEMgxIThQ0Tp1TsXd6baCpEabVqOErBYWmgShc8rJpdaLahZ_M69GYK2aktfETLTunvY9Swcw=w80-h92-k-no","來店取貨","","","",""
"https://www.google.com/maps/place/Rubber+Monkey/data=!4m7!3m6!1s0x6b12af80f4f2055f:0xa01647e0faefcc01!8m2!3d-33.819153!4d151.188367!16s%2Fg%2F11t5xtjv30!19sChIJXwXy9ICvEmsRAczv-uBHFqA?authuser=0&hl=zh-TW&rclk=1","Rubber Monkey","4.8","(173)","相機店","·","","17/76 Reserve Rd","·","已打烊","· 開始營業時間：週一09:00","","+61 2 8214 8965","https://lh3.googleusercontent.com/gps-cs-s/APNQkAERCZScK2SSCwmoBXNZHuPLa7er5YwdlMwNyuU36q20GMnuPDuY99dCa1tzcZe0Gs8cc7eSPrRqx4ykY5Vj5sU6P-UWm3KNUsn-a_hWSohAVVQQ5ele18cQ3WnG8o_CjGSqlc0=w80-h106-k-no","來店取貨","·","外送","",""
"https://www.google.com/maps/place/DJI+World+Square+Sydney+%7C+Authorised+Retail+Store/data=!4m7!3m6!1s0x6b12afc2c0b9d9f5:0x7c0b5998ed7ae2b3!8m2!3d-33.8776669!4d151.2070203!16s%2Fg%2F11h26vkgld!19sChIJ9dm5wMKvEmsRs-J67ZhZC3w?authuser=0&hl=zh-TW&rclk=1","DJI World Square Sydney | Authorised Retail Store","4.9","(1,435)","電器舖","·","","·","Shop 10.47/644 George St","已打烊","· 開始營業時間：10:00","·","+61 2 9160 7373","https://lh3.googleusercontent.com/gps-cs-s/APNQkAEm6D6FvJm2Ru-iQ32DxORzrRpd_EhE87z9MNPVWu8MQYheSos_53RJGMi3ZQhqvngbqJI3F-RXxv-fFiz2LL0QQLT4BCYVOJ-v6suBd_f2LobtSwuzrRqBhlk7NmycapXvS4yicA=w163-h92-k-no","店內購物","·","來店取貨","·","外送"
"https://www.google.com/maps/place/RYDA+DOT+COM/data=!4m7!3m6!1s0x6b12b00dcdb9d5e9:0xafb70163d9d6aa75!8m2!3d-33.889999!4d151.149287!16s%2Fg%2F1hc528b_h!19sChIJ6dW5zQ2wEmsRdarW2WMBt68?authuser=0&hl=zh-TW&rclk=1","RYDA DOT COM","4.2","(305)","相機專賣店","·","","·","730-738 Parramatta Rd","已打烊","· 開始營業時間：週一09:00","·","+61 2 9568 8888","https://lh3.googleusercontent.com/gps-cs-s/APNQkAEHIZnZred8cnJvLUqeko0JvRTXMRrdzIDCxplCksvXhASwD7Qz91XKUGP1QymdHflqkXxAcfZBeU8ybwono5CIYOmgGZtrZfAhhFQhaSVH1PBfHqauM7tvKZH-MXgbvrLQZPCm=w138-h92-k-no","店內購物","·","來店取貨","·","外送"
"https://www.google.com/maps/place/CameraClix/data=!4m7!3m6!1s0x6b12a7807b6093c3:0x88733185e023094a!8m2!3d-33.7034353!4d151.1013648!16s%2Fg%2F11l9d934_3!19sChIJw5Nge4CnEmsRSgkj4IUxc4g?authuser=0&hl=zh-TW&rclk=1","CameraClix","4.6","(78)","相機專賣店","·","","·","Shop 1057/236 Pacific Hwy","已打烊","· 開始營業時間：09:00","·","+61 429 226 372","https://lh3.googleusercontent.com/gps-cs-s/APNQkAH1hMHb3gc0VefG7Y81eXqoFh9XHGjxebuKntZNOZ1t0TuW1EH6br4ohWlMo6D5_JTpL3PDRO_EnNKdU7pempVunniwJ_soAwPBSw_bXTOSPX8VLcMcOH5r7SshSDVe72KEOdeC_w=w138-h92-k-no","外送","","","",""
"https://www.google.com/maps/place/Pixel+Perfect+Prolab/data=!4m7!3m6!1s0x6b12b1d804c7c395:0x1416b5adc59cb72f!8m2!3d-33.881668!4d151.1987705!16s%2Fg%2F1thw_lnn!19sChIJlcPHBNixEmsRL7ecxa21FhQ?authuser=0&hl=zh-TW&rclk=1","Pixel Perfect Prolab","4.8","(79)","相片沖印店","·","","TAFE Ultimo Campus, Building H/17-19 Mary Ann St","·","已打烊","· 開始營業時間：週一08:30","","+61 2 9319 0455","https://lh3.googleusercontent.com/gps-cs-s/APNQkAEoGn1yBizJozqTZDOAbwA-JTQhQ995TCMKZWVumyPnT8nbZ4HMqUcEe2TKdt6OTyzn-U1Z92Y3EFnSFF28y80csolO5LqkyrfbU2N69BSO_OESvzgHi-tTiX2e5moR5xykBE5L-g=w138-h92-k-no","","","","",""
"https://www.google.com/maps/place/Camera+House+-+Penrith/data=!4m7!3m6!1s0x6b12858ebed3153d:0x602c14660e9d6fbc!8m2!3d-33.7509436!4d150.6920712!16s%2Fg%2F1hjgrt4jj!19sChIJPRXTvo6FEmsRvG-dDmYULGA?authuser=0&hl=zh-TW&rclk=1","Camera House - Penrith","4.1","(134)","相機專賣店","·","","·","Westfield Shopping Centre, Shop 33/585 High St","已打烊","· 開始營業時間：09:00","·","+61 2 4732 2591","https://lh3.googleusercontent.com/gps-cs-s/APNQkAGJ5BX-OZrh8BEzoGpTyupnn-xUSc1mTn5lJffit9resW2K5NL1Kn3QqbL_gQlrVUjBgbFuxzAISh78-CCRcp7gKsPilSQcIHggqjDhxD-UofExY6iLaroclyYtJFzn9op3qzwFPwKvvLgc=w122-h92-k-no","店內購物","·","來店取貨","·","外送"
"https://www.google.com/maps/place/Mega+Cash+-+Emerton/data=!4m7!3m6!1s0x6b129b010dbfd99f:0x58ff12d8c2b76ea1!8m2!3d-33.7435377!4d150.8090552!16s%2Fg%2F11b7xp4tj4!19sChIJn9m_DQGbEmsRoW63wtgS_1g?authuser=0&hl=zh-TW&rclk=1","Mega Cash - Emerton","4.9","(586)","當舖","·","","·","shop 18/40 Jersey Rd","已打烊","· 開始營業時間：09:00","·","+61 2 9835 1233","https://lh3.googleusercontent.com/gps-cs-s/APNQkAGfVydwJ3BvMfMaPRD22TwA5EH2pMcI5x4QZxp_u8Dz7jfWSabAG2ItKu3O2tLAyxa0Mjq5Bi3C1_CKkQNxN2WprhFAVuTMx3OsN6HGJCPrjK0hAzOrzaBoPRgknXibOYTf7pgTtw=w122-h92-k-no","門市服務","","","",""
"https://www.google.com/maps/place/Mega+Cash+-+St+Marys/data=!4m7!3m6!1s0x6b129ab1f6c5ecbb:0x2546ea9d8c3fdbc2!8m2!3d-33.766475!4d150.773876!16s%2Fg%2F1pzw39st1!19sChIJu-zF9rGaEmsRwts_jJ3qRiU?authuser=0&hl=zh-TW&rclk=1","Mega Cash - St Marys","4.9","(461)","當舖","·","","·","147 Queen St","已打烊","· 開始營業時間：09:00","·","+61 2 9673 0485","https://lh3.googleusercontent.com/gps-cs-s/APNQkAHOleWLpips-DetOtN6ZU9BHgF-5WfSEJ7B4a0p67lqSWitLrKYuDgNw_iZGSrYnfflpfO3Im_MM8EusNVhilLrmwCT8dlEvriEKXt7zmDRBt3fqGk7-Afh7w4vyjwIweQYTyo=w163-h92-k-no","店內購物","·","來店取貨","·","外送"
"https://www.google.com/maps/place/Fujifilm+House+of+Photography+%28Retail+Store%29/data=!4m7!3m6!1s0x6b12af2702aad8c9:0xc7d53435cb1fc062!8m2!3d-33.864572!4d151.207134!16s%2Fg%2F11t5d17mxg!19sChIJydiqAievEmsRYsAfyzU01cc?authuser=0&hl=zh-TW&rclk=1","Fujifilm House of Photography (Retail Store)","4.8","(173)","相機專賣店","·","","263 George Street","已打烊","· 開始營業時間：10:00","·","","(02) 9044 8194","https://lh3.googleusercontent.com/gps-cs-s/APNQkAFHyD_a3-hIYWrffyfnK4MhyMjcWoh-TD9SsduX9FWbcPbuE4gild6wyYB6Xp4hUZF4Oexq7gdDPg3V8ey5oIRBdCWJHR4ug4-phLvsDyzS23aDcyXTecq8iMqQ5Td4-qY-69Fe=w80-h92-p-k-no","店內購物","·","來店取貨","·","外送"
"https://www.google.com/maps/place/Photo+Shop+Studio/data=!4m7!3m6!1s0x6b12b0177a4df36f:0xa9b7cfce4feae36e!8m2!3d-33.876134!4d151.128879!16s%2Fg%2F1tj4yw9j!19sChIJb_NNehewEmsRbuPqT87Pt6k?authuser=0&hl=zh-TW&rclk=1","Photo Shop Studio","4.1","(228)","相機專賣店","·","","520 Parramatta Road","已打烊","· 開始營業時間：09:00","·","","(02) 9797 2800","https://tpc.googlesyndication.com/simgad/5314254870426813719?sqp=-oaymwEKCFAQXCABUAFYAQ&rs=AOga4qnMddktFMuo_i7_x2j13T3bm-6feQ","店內購物","·","來店取貨","·","外送"
"https://www.google.com/maps/place/Bing+Lee+Blacktown/data=!4m7!3m6!1s0x6b1298507cc585b3:0x9911178cd06cec2!8m2!3d-33.7811803!4d150.9191458!16s%2Fg%2F1tnpfl6d!19sChIJs4XFfFCYEmsRws4GzXgRkQk?authuser=0&hl=zh-TW&rclk=1","Bing Lee Blacktown","4.1","(308)","相機專賣店","·","","·","Blacktown Mega Centre, 3B/4B St Martins Cres","已打烊","· 開始營業時間：09:00","·","+61 2 9781 3134","https://lh3.googleusercontent.com/gps-cs-s/APNQkAH_kcmqy9slRy1bKL3U-YXlP8H8GW7HXshZ-Fx5St0w51nZicVQ6_KfOUkBJwLIQlkaatXhw9hIIy8gpiHMcTeM_BGHmDQNpnFH1t5Fuv-Xn4Cnq_rc178ZuqnlqTu8CzISwYdC=w137-h92-k-no","店內購物","·","來店取貨","·","外送"
"https://www.google.com/maps/place/Cash+Mall/data=!4m7!3m6!1s0x6b12afac59d60d93:0xc8b27838479a8c55!8m2!3d-33.8803771!4d151.2052554!16s%2Fg%2F11h3kxqg76!19sChIJkw3WWayvEmsRVYyaRzh4ssg?authuser=0&hl=zh-TW&rclk=1","Cash Mall","4.7","(139)","當舖","·","","·","762 George St","已打烊","· 開始營業時間：10:00","·","+61 2 8054 1679","https://lh3.googleusercontent.com/gps-cs-s/APNQkAHoKEMQVvn_j_pFphjMLU2AYGWRnSlvE7dNrLr29ysxxB01JafUE3Zti0zLvzDk7OtwHpjIaBZrBtr45S7W32XVJRBoc9QgJ2P5WxbFCqmR3D5yILQ_RCrcg3CAAPBRTHuAU3w=w205-h92-k-no","店內購物","·","店外取貨","·","外送"
"https://www.google.com/maps/place/Camera+Service+Centre/data=!4m7!3m6!1s0x6b12ae3de65fa29b:0x5545910a2e7ea19b!8m2!3d-33.8743948!4d151.2083617!16s%2Fg%2F1tdvpx9m!19sChIJm6Jf5j2uEmsRm6F-LgqRRVU?authuser=0&hl=zh-TW&rclk=1","Camera Service Centre","4.6","(177)","相機維修店","·","","·","Level 3, Suite 39/104 Bathurst St","已打烊","· 開始營業時間：週一08:30","·","+61 2 9264 7091","https://lh3.googleusercontent.com/gps-cs-s/APNQkAFwq9iNDBZySKWb9cNVIvFHZERY1GK2y9a2QaDt4UJoWVcnS1ya8I2B1gkW6tI-4YA0c6hDpq_oIxUy97bQ83ANctfzVn_U_EzmIduHDMikyqgsyzEXbE0qN_iJbx625N9TpFDG3rLBfu8=w122-h92-k-no","門市服務","","","",""
"https://www.google.com/maps/place/Mainline+Photographics/data=!4m7!3m6!1s0x6b12aee9d738bd9b:0xace9cc0dbe22a27f!8m2!3d-33.7014848!4d151.0998003!16s%2Fg%2F1tfmcd11!19sChIJm7041-muEmsRf6Iivg3M6aw?authuser=0&hl=zh-TW&rclk=1","Mainline Photographics","4.9","(49)","相機專賣店","·","","Office: 609/ 88/90 George St","","","","","+61 490 187 873","https://lh3.googleusercontent.com/gps-cs-s/APNQkAFD4_l7KMEawKkFVtJdApaTibOqBZUjXY6w-uWkBRagIMcZbHF2k4zzoVfqPlWLCt8m6xf4xWFyl33hLWlW9IMBGM8KtQkFLCEREY-pzkxo2JFiOxeNunyw9RT6VUc_iRo7xQ2LhQ=w92-h92-k-no","來店取貨","·","外送","",""
"https://www.google.com/maps/place/JB+Hi-Fi+City+-+World+Square/data=!4m7!3m6!1s0x6b12ae3cc9d8039b:0xaf10b3d06460919f!8m2!3d-33.8774582!4d151.2072834!16s%2Fg%2F1tk6_nmp!19sChIJmwPYyTyuEmsRn5FgZNCzEK8?authuser=0&hl=zh-TW&rclk=1","JB Hi-Fi City - World Square","4.2","(3,104)","相機專賣店","·","","·","World Square Shopping Centre Store 9.42, Lower Ground Level, 644 George St","已打烊","· 開始營業時間：09:00","·","+61 2 9307 0600","https://lh3.googleusercontent.com/gps-cs-s/APNQkAHOaXH2g57ILKTbbzwmQj0nfkTH3p1c46QMVfhakePxMpIyK3mdQxs5Se51QRDMHG_X8En-Ki-w1gzu53x98NekZK13EYIgAm7GI_upTekrub20P90LAJxZisLAisJsAdzq0LVY=w141-h92-k-no","店內購物","·","來店取貨","·","外送"
"https://www.google.com/maps/place/Videocraft+Equipment/data=!4m7!3m6!1s0x6b12af26ff035767:0x2b9c2259cd30bd93!8m2!3d-33.8159503!4d151.1922397!16s%2Fg%2F1tggnt1h!19sChIJZ1cD_yavEmsRk70wzVkinCs?authuser=0&hl=zh-TW&rclk=1","Videocraft Equipment","4.9","(92)","視聽設備供應商","·","","·","20/39 Herbert St","已打烊","· 開始營業時間：週一09:00","·","+61 2 9462 8600","https://lh3.googleusercontent.com/gps-cs-s/APNQkAHYoKgv6gJYWBZtbjvNkLBo4XVvm8U77_xeKz06WT3WcFttK7netUQXguYAiPPLNZuyT9EghozHhbIl4mNEsz3i9OYmVjMZgd4bfiL6FoBcKaXPlfm8sSIkGd2lRyvH1yk37L7IRA=w146-h92-k-no","店內購物","·","來店取貨","·","外送"
"https://www.google.com/maps/place/DJI+Store+-+Camzilla+Roseville/data=!4m7!3m6!1s0x6b12a8c1e59bc9dd:0xf1c1b64d3659d206!8m2!3d-33.7846311!4d151.1768492!16s%2Fg%2F12q4yjngf!19sChIJ3cmb5cGoEmsRBtJZNk22wfE?authuser=0&hl=zh-TW&rclk=1","DJI Store - Camzilla Roseville","4.7","(379)","電器舖","·","","·","98 Pacific Hwy","已打烊","· 開始營業時間：09:00","·","+61 2 9880 9883","https://lh3.googleusercontent.com/gps-cs-s/APNQkAHGCK5X6PX_04zw_DPUDD6Vc5d42UmLN_BTL6lU9OUXNJh5SLgeLSU__xkgDgDNkxzU1LdagQ_Ez4sZek6uPCLe9NLzclcdizFhi6L89K4JIh-FIiN7ajLo5p0_PPj92OImUXHc=w163-h92-k-no","店內購物","·","來店取貨","·","外送"
"https://www.google.com/maps/place/Camera+Hire/data=!4m7!3m6!1s0x6b12aa544391ed29:0x29b9d9bce316666!8m2!3d-33.909352!4d151.195039!16s%2Fg%2F11h0292mc!19sChIJKe2RQ1SqEmsRZmYxzpudmwI?authuser=0&hl=zh-TW&rclk=1","Camera Hire","4.8","(80)","設備租賃公司","·","","·","Industrial Estate, G2/46-62 Maddox St","已打烊","· 開始營業時間：07:00","·","+61 2 8065 8195","https://lh3.googleusercontent.com/gps-cs-s/APNQkAH42w7_rJiJwUPmCVCnXIyvrd6OM8i5SyE4Myar8P6Mr29bEFuPjC63KN2F040pcvFtti1PzQRsSmeFiKMR8vuZCiT6wm7QTSYAiIXYEoddjeH5o8xa3NuBkVRqjtHwP2hyeAv8=w92-h92-k-no","門市服務","","","",""
"https://www.google.com/maps/place/JB+Hi-Fi+Roselands/data=!4m7!3m6!1s0x6b12bbe01c951ccf:0x1042a19eff56e165!8m2!3d-33.9343068!4d151.0696061!16s%2Fg%2F1yghb7krq!19sChIJzxyVHOC7EmsRZeFW_56hQhA?authuser=0&hl=zh-TW&rclk=1","JB Hi-Fi Roselands","4.1","(1,877)","相機專賣店","·","","·","Roselands Shopping Centre, M202/24 Roselands Dr","已打烊","· 開始營業時間：09:00","·","+61 2 9784 3800","https://lh3.googleusercontent.com/gps-cs-s/APNQkAEZTB9-_Ed2Nc4G7LHkxP0XVkJ0nuQhP76XihvGkZzUlIpzhN6UYNYuf80-nHP4Wfe0_RNaYImZs6O9ez0WY1RfzV6PifeERrYZFEAGAjFMmhoftCSWu65brBhjNTCU0MtCmttIAw=w122-h92-k-no","店內購物","·","來店取貨","·","外送"
"https://www.google.com/maps/place/SELL+ME+LAPTOP+-+Trade+in+laptop+%7C+Sell+My+MacBook+%7C+Sell+used+or+broken+computers+for+instant+cash+%7C+Sell+Camera/data=!4m7!3m6!1s0x6b12bcae8e25b8fd:0xb47d8706bc642ce8!8m2!3d-33.8463983!4d150.9978815!16s%2Fg%2F11b5ytwwbg!19sChIJ_bgljq68EmsR6CxkvAaHfbQ?authuser=0&hl=zh-TW&rclk=1","SELL ME LAPTOP - Trade in laptop | Sell My MacBook | Sell used or broken computers for instant cash | Sell Camera","4.7","(239)","二手電腦店","·","","·","22/39 Earl St","已打烊","· 開始營業時間：10:00","·","+61 452 233 007","https://lh3.googleusercontent.com/gps-cs-s/APNQkAEMW79NcmLe0kJFqAbfprJp1aYOBRpIAFxHjzZ3N_a6-vRWZR7-5veGM3xAVGtvbLk-kkXXr7Bc45lVgy1bnNG_My9pHOgCYq6OxlW6_wD6hm0T3A4r9inVAeApAIDsLbjuKmg5wQ=w110-h92-k-no","來店取貨","","","",""
"https://www.google.com/maps/place/Mega+Cash+-+Blacktown/data=!4m7!3m6!1s0x6b12996abb7dd5e3:0x952a9cada185cf2a!8m2!3d-33.7696132!4d150.9082714!16s%2Fg%2F11h18z757l!19sChIJ49V9u2qZEmsRKs-Foa2cKpU?authuser=0&hl=zh-TW&rclk=1","Mega Cash - Blacktown","4.9","(386)","當舖","·","","·","Shop 1/46-48 Main St","已打烊","· 開始營業時間：09:00","·","+61 2 8610 9800","https://lh3.googleusercontent.com/gps-cs-s/APNQkAGja69o2Y7fWFG8ms0rI8rMtV6pZGTTZikgYvnEJ-dEAaGVryLHy56j3Ibiazrilutpihfh7LIyw0UJCpqUTKeOvp_1l0lZ4DRCENYPQVtLLie8HDv3rwGDDnP8IVfOeAivQcHreg=w122-h92-k-no","門市服務","","","",""
"https://www.google.com/maps/place/Camera+House+-+Hornsby/data=!4m7!3m6!1s0x6b12a7845ee56efd:0xb88a32eaf6410885!8m2!3d-33.7038299!4d151.1018864!16s%2Fg%2F1tfls4yf!19sChIJ_W7lXoSnEmsRhQhB9uoyirg?authuser=0&hl=zh-TW&rclk=1","Camera House - Hornsby","4.3","(170)","相機專賣店","·","","·","Shop 1057/236 Pacific Hwy","已打烊","· 開始營業時間：09:00","·","+61 2 9476 1086","https://lh3.googleusercontent.com/gps-cs-s/APNQkAGb6fQutTL7Od-5k1_gAjcdBfngZ3IB3URTCTOKBoMtURushmX1vipSDntyNObomhZWzCuc-mLnd08noyy6lQvJy3LlDdiLbokBENoaXnyKnC-R1uvsMHVNRsQEbod1WHenJeC-oA=w138-h92-k-no","店內購物","·","來店取貨","·","外送"
"https://www.google.com/maps/place/JB+Hi-Fi+City+-+Westfield+Sydney/data=!4m7!3m6!1s0x6b12ae3fb22b805d:0x290a41398b3cfd22!8m2!3d-33.8696581!4d151.208421!16s%2Fg%2F1tv2495j!19sChIJXYArsj-uEmsRIv08izlBCik?authuser=0&hl=zh-TW&rclk=1","JB Hi-Fi City - Westfield Sydney","4.2","(2,268)","相機專賣店","·","","·","Westfield Sydney Shopping Centre Store 6010, Level 6 Corner Pitt &, Market St","已打烊","· 開始營業時間：09:00","·","+61 2 9928 7000","https://lh3.googleusercontent.com/gps-cs-s/APNQkAFL0X3ju-KdobjnrXssUGPcYoJAKTiaVi3atWgzbYU7vdrnULSX17Bfgek4XxMEXqwp1g6VwARwjThldgzdCkL2VU-X98p-sjVBEAA2aOKKwUi3oMhYDd89UX044gDS673tRGL9Vw=w163-h92-k-no","來店取貨","·","外送","",""
"https://www.google.com/maps/place/DJI+Macquarie+Centre+%7C+Authorised+Retail+Store/data=!4m7!3m6!1s0x6b12a795e403040b:0x8da7470f8f2780f4!8m2!3d-33.7771244!4d151.1219092!16s%2Fg%2F11mw8fjfs2!19sChIJCwQD5JWnEmsR9IAnjw9Hp40?authuser=0&hl=zh-TW&rclk=1","DJI Macquarie Centre | Authorised Retail Store","4.9","(609)","電器舖","·","","·","Shop 438 Cnr Herring Rd &, Waterloo Rd","已打烊","· 開始營業時間：09:00","·","+61 2 9160 7374","https://lh3.googleusercontent.com/gps-cs-s/APNQkAGIhH6dBeRGp4KWHwz4aPmsyRaz6tPY8itoXAMdGzsuIwl5XIEph5QFzVA8-IK6rtMTc0rUL489WFG35qbuEvOxcHiGJPq2C4zI6GgsjXDbAjizS-j6v6awBQHYmrqL4wNNTi8x=w122-h92-k-no","店內購物","·","來店取貨","·","外送"
"https://www.google.com/maps/place/Recompute/data=!4m7!3m6!1s0x6b12beaf8e52b9dd:0x67500ed2b8e212fa!8m2!3d-33.9352415!4d151.0360287!16s%2Fg%2F1tf31k7_!19sChIJ3blSjq--EmsR-hLiuNIOUGc?authuser=0&hl=zh-TW&rclk=1","Recompute","4.6","(138)","二手電腦店","·","","·","6/38 Canterbury Rd","已打烊","· 開始營業時間：週一09:00","·","+61 1300 132 326","https://lh3.googleusercontent.com/gps-cs-s/APNQkAHXWDtQLC0UVz-p2z11V3VjGLwL_Ul5QrlE_z76XnFkZsUaq33VdpenuCe-jv7WbBUmly1cePtlRJGc6wby-kiBjkr0_iJKOIPGL8EqEfoyoo9FQUCec56c1wUG9vGQfdcG8mS7=w122-h92-k-no","來店取貨","·","外送","",""
"https://www.google.com/maps/place/Harvey+Norman+2nds+World+Auburn/data=!4m7!3m6!1s0x6b12a3361a90f429:0x61c08aa4ddb39432!8m2!3d-33.8436048!4d151.0413835!16s%2Fg%2F1vnrqrv7!19sChIJKfSQGjajEmsRMpSz3aSKwGE?authuser=0&hl=zh-TW&rclk=1","Harvey Norman 2nds World Auburn","3.6","(646)","相機專賣店","·","","·","103-123 Parramatta Rd","已打烊","· 開始營業時間：09:00","·","+61 2 9748 4898","https://lh3.googleusercontent.com/gps-cs-s/APNQkAEYXNUoPUJfefqrPb2GyAdJQWMJIkiE09tOYZ5IeE7r2nfi8Xbm1QhGuJCOW8FIUACDW55wOPQAZb7quUrQMf2MSs9FD_DIgnJ7ofXK5_J9EYY2486KM-TsMNK7xd2oE6_8ZJT-kg=w163-h92-k-no","店內購物","·","店外取貨","·","外送"
"https://www.google.com/maps/place/Bing+Lee+Carlingford/data=!4m7!3m6!1s0x6b12a6ae18aafa85:0x8cfac333bf205f62!8m2!3d-33.7763004!4d151.0528597!16s%2Fg%2F1tgdt8yb!19sChIJhfqqGK6mEmsRYl8gvzPD-ow?authuser=0&hl=zh-TW&rclk=1","Bing Lee Carlingford","3.9","(411)","相機專賣店","·","","·","Shop 95a/801-809 Pennant Hills Rd","已打烊","· 開始營業時間：09:00","·","+61 2 9781 3135","https://lh3.googleusercontent.com/gps-cs-s/APNQkAGo3CeH4HzNgmPlEmOLu31o3I4sYEW6vP3TSR8WTBjlFdYosJBqpuK3iwA5qAVJ05maia_Q-_P5cELY9RyTV47Nh451ecLHPYu7AzfsQfL2Xkn1UvYsS_g2BgaUOhGjeuz4aDuHLA=w163-h92-k-no","店內購物","·","來店取貨","·","外送"
"https://www.google.com/maps/place/Millennium+Photo+Express/data=!4m7!3m6!1s0x6b12bd80ec108e07:0x9b9c6c2fdc7f8621!8m2!3d-33.868796!4d150.9554876!16s%2Fg%2F1ptx0x2ky!19sChIJB44Q7IC9EmsRIYZ_3C9snJs?authuser=0&hl=zh-TW&rclk=1","Millennium Photo Express","3.7","(27)","相片沖印店","·","","4/57 Smart St","·","已打烊","· 開始營業時間：09:30","","+61 2 9727 6537","https://lh3.googleusercontent.com/gps-cs-s/APNQkAFKJW20XCfJBM5G9CU1oP410ghGGCiB4i4EKqpbc9xvnMn7wnZ65SlKJhUKRHa3hc5SVtfdKwG8iROSwsKoYfrr404rF59kcUEmTc9dwXm7qDks5V1rIo_mxkFrK0VS-2mEuto=w80-h106-k-no","","","","",""
"https://www.google.com/maps/place/CeX/data=!4m7!3m6!1s0x6b12bc0f841d6e5b:0xb4194f329583c193!8m2!3d-33.9167971!4d151.037568!16s%2Fg%2F1q5gjd5v1!19sChIJW24dhA-8EmsRk8GDlTJPGbQ?authuser=0&hl=zh-TW&rclk=1","CeX","4.0","(266)","電器舖","·","","Bankstown Central, Shop SP157/1 North Terrace","買賣電子產品和媒體的商店","已打烊","· 開始營業時間：09:00","·","+61 1300 233 327","https://lh3.googleusercontent.com/gps-cs-s/APNQkAH7XPFZgXUJ_eZx1vJ7h4y0xr5mKNw-XqIUJog_-sPJGvzNS9p3BWfLpmd-oveNDyBzI9WLyw3AnF2QbR5-xcjjRfQJxiYIlOjCElL8QN2vH3whgqZeAgn_hmXPOQ8kuvlFXEshIw=w127-h92-k-no","店內購物","·","來店取貨","·","外送"
"https://www.google.com/maps/place/D+%26+D+Computer+Technology/data=!4m7!3m6!1s0x6b12bb0ceb55ddc3:0x37251226a79abb60!8m2!3d-33.8889401!4d151.0719099!16s%2Fg%2F1tdcx7mx!19sChIJw91V6wy7EmsRYLuapyYSJTc?authuser=0&hl=zh-TW&rclk=1","D & D Computer Technology","4.8","(90)","相機專賣店","·","","·","3/17-19 Gould St","已打烊","· 開始營業時間：10:00","·","+61 2 9742 3733","https://lh3.googleusercontent.com/gps-cs-s/APNQkAERZzUw0_tK9F1qhLyXEbxi3mBTA6GOjBqVLoxNCevR_7t6FFG-BxcIXaHuuoqjSb9MxxvKrre5zdPj4q8lsFbuTw6jGh9-_Fx4_cQ8V6Rz71dxMNjFMxxFxZT13YlIHn2jlxzN=w115-h92-k-no","外送","","","",""
"https://www.google.com/maps/place/Fujifilm+House+of+Photography+%28Retail+Store%29/data=!4m7!3m6!1s0x6b12af2702aad8c9:0xc7d53435cb1fc062!8m2!3d-33.864572!4d151.207134!16s%2Fg%2F11t5d17mxg!19sChIJydiqAievEmsRYsAfyzU01cc?authuser=0&hl=zh-TW&rclk=1","Fujifilm House of Photography (Retail Store)","4.8","(173)","相機專賣店","·","","263 George Street","已打烊","· 開始營業時間：10:00","·","","(02) 9044 8194","https://lh3.googleusercontent.com/gps-cs-s/APNQkAFabaC10XL0jYn1wkylAPcuuwYJ4WRH247ZV_sssy53VIraB2sC0hj0uP6LJ2gMSs4oK8qg_QJFo7dKn7onUvKcZZXprg1qNXQZf_oE1EPMhUisZ-z0I386LckCJGDA2pkWIvJF=w80-h92-p-k-no","店內購物","·","來店取貨","·","外送"
"https://www.google.com/maps/place/Photo+Shop+Studio/data=!4m7!3m6!1s0x6b12b0177a4df36f:0xa9b7cfce4feae36e!8m2!3d-33.876134!4d151.128879!16s%2Fg%2F1tj4yw9j!19sChIJb_NNehewEmsRbuPqT87Pt6k?authuser=0&hl=zh-TW&rclk=1","Photo Shop Studio","4.1","(228)","相機專賣店","·","","520 Parramatta Road","已打烊","· 開始營業時間：09:00","·","","(02) 9797 2800","https://tpc.googlesyndication.com/simgad/5314254870426813719?sqp=-oaymwEKCFAQXCABUAFYAQ&rs=AOga4qnMddktFMuo_i7_x2j13T3bm-6feQ","店內購物","·","來店取貨","·","外送"
"https://www.google.com/maps/place/Bing+Lee+Burwood/data=!4m7!3m6!1s0x6b12badb6c9c4f6d:0x2eed735d45a95713!8m2!3d-33.8764295!4d151.1037283!16s%2Fg%2F1w0r01md!19sChIJbU-cbNu6EmsRE1epRV1z7S4?authuser=0&hl=zh-TW&rclk=1","Bing Lee Burwood","3.7","(489)","相機專賣店","·","","·","103 Burwood Rd","已打烊","· 開始營業時間：09:00","·","+61 2 9781 3127","https://lh3.googleusercontent.com/gps-cs-s/APNQkAHaz6fKuMC8-bo6L8xMVbYFD9lFiq5M7j3tmBBBXDWzId7GH34DCS-yQGu659dOj_lDgWm_a_gpZF5d7mxx-EQ8w-62S8Z0nIGZ7pa4YZJUdoIoJOp2EIP6_kIs2dLb9CyyirLN=w139-h92-k-no","來店取貨","·","外送","",""
"https://www.google.com/maps/place/Minto+Fast+Photos/data=!4m7!3m6!1s0x6b12edfbf20662a5:0x3be326d0492f9c05!8m2!3d-34.0305616!4d150.8497659!16s%2Fg%2F11hylwlw4d!19sChIJpWIG8vvtEmsRBZwvSdAm4zs?authuser=0&hl=zh-TW&rclk=1","Minto Fast Photos","4.6","(47)","相片沖印店","·","","·","Minto Mall, 10 Brookfield Rd","已打烊","· 開始營業時間：09:00","·","+61 2 8798 4759","https://lh3.googleusercontent.com/gps-cs-s/APNQkAE58oiXAzlCihF79W_028Bl5au4N8Ujfsg30e6_4O79X4Mfu2a0dymJxocR5nlMDNDW_IWDC_nwN0jI84B6EEIggAgKxiSJhrT-fO9_WKk3EYO7pHCyJ_6KCbmpPa6Bdjtf8vqHWWGi8HCv=w197-h92-k-no","門市服務","","","",""
"https://www.google.com/maps/place/NESS+Corporation/data=!4m7!3m6!1s0x6b12988fe9fb1b4b:0x1a45bee30fcc8050!8m2!3d-33.7712377!4d150.9401811!16s%2Fg%2F11xddmqpw!19sChIJSxv76Y-YEmsRUIDMD-O-RRo?authuser=0&hl=zh-TW&rclk=1","NESS Corporation","4.7","(71)","保安系統供應商","·","","·","4/167 Prospect Hwy","已打烊","· 開始營業時間：週一08:00","·","+61 2 8825 9222","https://lh3.googleusercontent.com/gps-cs-s/APNQkAGJm7UewKzkOJqfiVLKHsy1919Y4e6RV5we81Lcq-Ntw527oXros94LohJUM--1eoIvD-mX2VITqvJAEq-lctgWV83rMLR7urLhlncQ8aeTPr_vmdK38uPCxSDxciB32jUMiafsBlv_Dzi_=w195-h92-k-no","門市服務","","","",""
"https://www.google.com/maps/place/JB+Hi-Fi+Parramatta+Westfield/data=!4m7!3m6!1s0x6b12a32042e8f7d5:0x4028aea1e79a43aa!8m2!3d-33.8167682!4d151.0016319!16s%2Fg%2F1tj2j12t!19sChIJ1ffoQiCjEmsRqkOa56GuKEA?authuser=0&hl=zh-TW&rclk=1","JB Hi-Fi Parramatta Westfield","4.0","(5,050)","相機專賣店","·","","·","Westfield Parramatta Shopping Centre, Store 5057b/159-175 Church St","已打烊","· 開始營業時間：09:00","·","+61 2 8633 2600","https://lh3.googleusercontent.com/gps-cs-s/APNQkAHfOLwlkzZQdhdLUdHV_ToBw8GUNb3PY2sG1BFadMB4m3dc9tj_TulmMvAzTiczBpizBY8OaNtRMTUOVnR8oZlSOEFx0BByQ2oHRM6z1cBHWAqxOfkMgCxt1fj8wvmNWNAlmFtf0g=w122-h92-k-no","店內購物","·","來店取貨","·","外送"
"https://www.google.com/maps/place/JB+Hi-Fi+North+Sydney/data=!4m7!3m6!1s0x6b12aef294333b37:0x5562c1e2f611a545!8m2!3d-33.8392895!4d151.2085324!16s%2Fg%2F124sy52ng!19sChIJNzszlPKuEmsRRaUR9uLBYlU?authuser=0&hl=zh-TW&rclk=1","JB Hi-Fi North Sydney","4.2","(1,123)","相機專賣店","·","","·","99 Mount St","已打烊","· 開始營業時間：09:00","·","+61 2 8918 6700","https://lh3.googleusercontent.com/gps-cs-s/APNQkAEJ4_VP80Y8qXp3zyrcLOYeyedW-BY4UMxYSNc3psXxZ1DGbBtUcuc25BVMn0XSchgUlSWwDSV6C5MsoXbGGtAfsYt_fVDa8tarO5YVw0rYdA7KMmWIBXxoMlgNMFZ-6d7d4MVlmg=w135-h92-k-no","店內購物","·","來店取貨","·","外送"
"https://www.google.com/maps/place/Bing+Lee+Casula/data=!4m7!3m6!1s0x6b1294b694e7b9b1:0xd0035156d54696bb!8m2!3d-33.9579998!4d150.8814994!16s%2Fg%2F1tfqljnz!19sChIJsbnnlLaUEmsRu5ZG1VZRA9A?authuser=0&hl=zh-TW&rclk=1","Bing Lee Casula","3.9","(408)","相機專賣店","·","","·","Crossroads Homemakers Centre, 10B Parkers Farm Pl","已打烊","· 開始營業時間：09:00","·","+61 2 9781 3155","https://lh3.googleusercontent.com/gps-cs-s/APNQkAF76xNFFd0LBdDJxgFNozyHB6EgZIFxTVKiV_TltX9_Q4_B6NNctyrXKbzuv1dRxcFGy7dCMQPoJVKO91ii6gzDJAAEPD67-MiRuK7XN_UHx8DGsFZefudCe6Ovw6zI6E9xJI2r=w138-h92-k-no","店內購物","·","來店取貨","·","外送"
"https://www.google.com/maps/place/Bing+Lee+Mount+Druitt/data=!4m7!3m6!1s0x6b129a5c0cc3b6df:0xb9030a1b3bde52f4!8m2!3d-33.7673351!4d150.8174645!16s%2Fg%2F11bwl3wb1r!19sChIJ37bDDFyaEmsR9FLeOxsKA7k?authuser=0&hl=zh-TW&rclk=1","Bing Lee Mount Druitt","3.9","(252)","相機專賣店","·","","·","Shop MB2A/2770 Luxford Rd","已打烊","· 開始營業時間：09:00","·","+61 2 9781 3137","https://lh3.googleusercontent.com/gps-cs-s/APNQkAFRCZL0i3rA44D6Q6nlEDtqujlUYQshwBoaqlk9qkvLfVG88MvdYn2Yqoc_pOCX-4AYx7KOOut0caDZ0yPBxwsf3fl3dIkfr7t_CMoRKnXemyviz_tA7YbF6aAP-gb1gU50p9k=w137-h92-k-no","店內購物","·","來店取貨","·","外送"
"https://www.google.com/maps/place/Bing+Lee+Campbelltown/data=!4m7!3m6!1s0x6b12eef5d8eba8e5:0x5bbd9a8d13840944!8m2!3d-34.0588381!4d150.816884!16s%2Fg%2F11bwn60923!19sChIJ5ajr2PXuEmsRRAmEE42avVs?authuser=0&hl=zh-TW&rclk=1","Bing Lee Campbelltown","4.2","(447)","相機專賣店","·","","·","6/24 Blaxland Rd","已打烊","· 開始營業時間：09:00","·","+61 2 9781 3157","https://lh3.googleusercontent.com/gps-cs-s/APNQkAG3Sgk3gEamxQPysiYMisfwItthhcKr8Dqw4nIvakVQY2hKvyEziaT9F2tHgSTzCZkVTbOYsf1_13MhtckH4PVkOBNofvdHfk-zj7GRJqSXjCEZCTwVKPfao1yki_SxJjSwhLcT=w137-h92-k-no","店內購物","·","來店取貨","·","外送"
"https://www.google.com/maps/place/Bing+Lee+Penrith/data=!4m7!3m6!1s0x6b1288b4f9bcad21:0x4f9ec2488c95cc09!8m2!3d-33.7644573!4d150.6826397!16s%2Fg%2F1q6jj7jtr!19sChIJIa28-bSIEmsRCcyVjEjCnk8?authuser=0&hl=zh-TW&rclk=1","Bing Lee Penrith","4.5","(321)","相機專賣店","·","","·","Home Consortium - Penrith, Shop T3/72-82 Mulgoa Rd","已打烊","· 開始營業時間：09:00","·","+61 2 9781 3158","https://lh3.googleusercontent.com/gps-cs-s/APNQkAEpIgptf6sAizjkBh9a6bNrYPjqNg54k_OMiuv5sxWhlPY_JpkWIeYz_e3ZsLkn0IwGkUz8NXvsv8cNRq25XuUDLkQc2O4Y46p-XykWJVq4-N7a5z0gqkSVLTNcs93WfJR-z6Vb=w138-h92-k-no","店內購物","·","來店取貨","·","外送"
"https://www.google.com/maps/place/Bintel+-+The+Binocular+%26+Telescope+Shop/data=!4m7!3m6!1s0x6b12ae2da64a361d:0x1f018912b397b6c4!8m2!3d-33.8758629!4d151.1898974!16s%2Fg%2F1tngqfnx!19sChIJHTZKpi2uEmsRxLaXsxKJAR8?authuser=0&hl=zh-TW&rclk=1","Bintel - The Binocular & Telescope Shop","4.6","(519)","望遠鏡店","·","","·","84 Wentworth Park Rd","已打烊","· 開始營業時間：09:30","·","+61 2 9518 7255","https://lh3.googleusercontent.com/gps-cs-s/APNQkAH616OF6IdjeZS_r4Hh0gUEwWq2Yj4WoXuqBLYr1oUl6xCzdRwXA97NBo2hHfarjQNFmAKTiHmfCavxCk6WJp2aNk5adAkqTRBAfZW15ARD5rHfWEmr3A5Tyv2bX9Tf7fW72utr=w80-h106-k-no","店內購物","·","店外取貨","·","外送"
"https://www.google.com/maps/place/JB+Hi-Fi+Chatswood+Westfield/data=!4m7!3m6!1s0x6b12a8d6a2a038d7:0xba6ba442bb0b86d!8m2!3d-33.7972649!4d151.1840375!16s%2Fg%2F1w112bdy!19sChIJ1zigotaoEmsRbbiwK0S6pgs?authuser=0&hl=zh-TW&rclk=1","JB Hi-Fi Chatswood Westfield","4.1","(1,719)","相機專賣店","·","","·","Store 500 Anderson St","已打烊","· 開始營業時間：09:00","·","+61 2 8918 7400","https://lh3.googleusercontent.com/gps-cs-s/APNQkAGWVxaMlncz8LxdRTPQIFg57CoSiDcsGBuqOksx3S-7o2Qgdwy770dRFp6UvsXnOGGG_V6JdPgVV7kzLbkHVfPj3meXJwQYkImnIe0fPrqWEFrHqwXfuxYWKiWkjypeHQ-Vz7r8MQ=w163-h92-k-no","店內購物","·","來店取貨","·","外送"
"https://www.google.com/maps/place/Fantastic+Framing+Maroubra/data=!4m7!3m6!1s0x6b12bbc59b227a51:0x9b004a8de108df13!8m2!3d-33.9390967!4d151.2394276!16s%2Fg%2F11f60ww3vr!19sChIJUXoim8W7EmsRE98I4Y1KAJs?authuser=0&hl=zh-TW&rclk=1","Fantastic Framing Maroubra","5.0","(940)","畫框專賣店","·","","·","2/818 Anzac Parade","已打烊","· 開始營業時間：09:00","·","+61 2 9185 2833","https://lh3.googleusercontent.com/gps-cs-s/APNQkAFiIAb6_vdg78JWoNEb0cqoghneM8euHZ-mSL7KuLibYnuNAOLhNqm4Sv_3kHjB0Izrp-fgUIbcxgoHWKmebduIeRgheRgNWhCy4R0NVi6Pc4OBpLrOgy5rv3fS-TjkYAA6ENmrRA=w92-h92-k-no","店內購物","·","來店取貨","",""
"https://www.google.com/maps/place/Bing+Lee+Rockdale/data=!4m7!3m6!1s0x6b12b755e89df4d9:0x6826d289683186d2!8m2!3d-33.9576045!4d151.1397923!16s%2Fg%2F1td7ngnb!19sChIJ2fSd6FW3EmsR0oYxaInSJmg?authuser=0&hl=zh-TW&rclk=1","Bing Lee Rockdale","4.2","(314)","相機專賣店","·","","·","Shop 3 Mezzanine Level, 1 Rockdale Plaza Dr","已打烊","· 開始營業時間：09:00","·","+61 2 9781 3160","https://lh3.googleusercontent.com/gps-cs-s/APNQkAFUU_nzzW6-VBR5ayaohfetAw7LEORenVRfsRrNOcvuT_0VXdZh8lNlWF_pIDgE2ym45htF8stlVqjwSuy3m2wacO2KTz6CEFdYItwesJSK4dHCLDqZU5ls2mKrHpgLh0d02f5WVg=w122-h92-k-no","店內購物","·","來店取貨","·","外送"
"https://www.google.com/maps/place/JB+Hi-Fi+Castle+Towers/data=!4m7!3m6!1s0x6b12a10eb489d9c9:0x21419ea624beaa67!8m2!3d-33.7305426!4d151.0067541!16s%2Fg%2F1pv60lhky!19sChIJydmJtA6hEmsRZ6q-JKaeQSE?authuser=0&hl=zh-TW&rclk=1","JB Hi-Fi Castle Towers","4.1","(1,899)","相機專賣店","·","","·","6-14 Castle St","已打烊","· 開始營業時間：09:00","·","+61 2 8853 0100","https://lh3.googleusercontent.com/gps-cs-s/APNQkAGMnHJ4WkjMY7eEdzoxjbX5V1FhXMGnT4fWrjxjIzZ4rHZnk1fO3fI_JpTx5YlKn7Qqdq6W9Dx4ZyGZmTeyrup35Ld8KDKEuuhvzYEqNEB_omQ61NT46eqs1wEOS3ru3ZNVGzdj=w122-h92-k-no","店內購物","·","來店取貨","·","外送"
"https://www.google.com/maps/place/Camera+House+-+Rouse+Hill/data=!4m7!3m6!1s0x6b129f7230b403c3:0xdf8f523253f6865e!8m2!3d-33.68912!4d150.9263683!16s%2Fg%2F11q982zr4k!19sChIJwwO0MHKfEmsRXob2UzJSj98?authuser=0&hl=zh-TW&rclk=1","Camera House - Rouse Hill","4.5","(96)","相機專賣店","·","","·","Centre, Shop D-GR 164, 10-14 Market Ln","已打烊","· 開始營業時間：09:00","·","+61 2 7204 5920","https://lh3.googleusercontent.com/gps-cs-s/APNQkAHLEQPvy9lUrx0fiwgHUGUfO1RCRV7NgeIqgpd2e63pzponpFouSiK0iVxkrAvw7-Ie5Ni4hzfcHEpiiA3D_c4DbOYBfwoiaw2zWALb5A7QQlNF41GLGpHKyCI8nUA3imNjPPrwh5USyBbq=w122-h92-k-no","店內購物","·","來店取貨","·","外送"
"https://www.google.com/maps/place/Bing+Lee+Liverpool/data=!4m7!3m6!1s0x6b1295b8c60e41e3:0xd3ca0b11fe81f6c5!8m2!3d-33.9065718!4d150.9204039!16s%2Fg%2F1w96gwzb!19sChIJ40EOxriVEmsRxfaB_hELytM?authuser=0&hl=zh-TW&rclk=1","Bing Lee Liverpool","3.8","(262)","相機專賣店","·","","·","The Grove Homemaker Centre Shop R31 2, 18 Orange Grove Rd","已打烊","· 開始營業時間：09:00","·","+61 2 9781 3150","https://lh3.googleusercontent.com/gps-cs-s/APNQkAH5w8RzMKc2KaTzbkuRKq-4pW0K1YUCpMXP7VxnW4DpdbwBzOm0_gDW1zbFDcSmk2GqA3CtTN53ACP766av-pessLffWjbaSF5OQBMrBRj1YcwAos9YU-7bjmjW1D0th2yzmITelQ=w122-h92-k-no","店內購物","·","來店取貨","·","外送"
"https://www.google.com/maps/place/Fantastic+Framing+-+North+Sydney/data=!4m7!3m6!1s0x6b12afa61806e303:0x650d006853b30f50!8m2!3d-33.8317419!4d151.2085309!16s%2Fg%2F11jk2ntg91!19sChIJA-MGGKavEmsRUA-zU2gADWU?authuser=0&hl=zh-TW&rclk=1","Fantastic Framing - North Sydney","5.0","(985)","畫框專賣店","·","","·","2/283A Miller St","已打烊","· 開始營業時間：09:00","·","+61 2 8357 7710","https://lh3.googleusercontent.com/gps-cs-s/APNQkAF76HX7FP2YrQWJkesw_5QLQJcUtoMbNOesU2zNyMRcVMehlHTNreSEZQNZr3N6eUX7cpBaqj_nGfJ29AWkpUW06jRXjTw7X5YQQvMRbQTArP0u3Y_n6FU1PtoYfA493UjP7WeB=w137-h92-k-no","店內購物","·","來店取貨","·","外送"
"https://www.google.com/maps/place/Smart+Electronix+-+Computers+%26+Mobiles/data=!4m7!3m6!1s0x6b12a5e7a84b3d11:0x20ff369b2b37ef52!8m2!3d-33.8831983!4d151.0031836!16s%2Fg%2F11h196_c2x!19sChIJET1LqOelEmsRUu83K5s2_yA?authuser=0&hl=zh-TW&rclk=1","Smart Electronix - Computers & Mobiles","4.9","(90)","手機維修店","·","","·","96 Waldron Rd","已打烊","· 開始營業時間：09:30","·","+61 426 537 881","https://lh3.googleusercontent.com/gps-cs-s/APNQkAFrHlfB2aKPIL551uNWM2pFmIXP7pHqfY2vUoeYukCrhU0WRsd7APtFjis6kYU7l-lEjMdXdFjLl6IllWguvKQmfpH6IFtAQ7ZkmtCpT5qo3cQh2YpjA6TpQYMiXvjAlruJ3a8ilQ=w91-h92-k-no","門市服務","","","",""
"https://www.google.com/maps/place/Artys+Surplus+Store/data=!4m7!3m6!1s0x6b128584359e3ba3:0x4763d24df7f057c2!8m2!3d-33.7556533!4d150.7128906!16s%2Fg%2F1tk1n428!19sChIJozueNYSFEmsRwlfw903SY0c?authuser=0&hl=zh-TW&rclk=1","Artys Surplus Store","4.5","(136)","古董店","·","","·","119 Cox Ave","已打烊","· 開始營業時間：09:00","·","+61 2 4722 6612","https://lh3.googleusercontent.com/gps-cs-s/APNQkAHORLF495ZA-SsdrUyUfBkukQ6MQSmFYtK141faHKMRo3M6voaexOxu0sRZRwhC1PQ4ofh5azH-9K8Mkbtzytie8XM3yLdronn8XtCox2zdFLQkCMtOX0MuiJtaXwYD9EY2dI2s=w122-h92-k-no","店內購物","·","店外取貨","·","外送"
"https://www.google.com/maps/place/The+Design+Ark/data=!4m7!3m6!1s0x6b12b1858cdb1fd7:0xead0624536a246d7!8m2!3d-33.924629!4d151.2263709!16s%2Fg%2F11dxks_rwd!19sChIJ1x_bjIWxEmsR10aiNkVi0Oo?authuser=0&hl=zh-TW&rclk=1","The Design Ark","4.7","(46)","古董家具店","·","","·","125A Houston Rd","已打烊","· 開始營業時間：10:00","·","+61 490 806 597","https://lh3.googleusercontent.com/gps-cs-s/APNQkAFYnw7o_4brFCg75XSwjIAFUoaVwHYuuqgzILogSNan5XdFON6_ezF19SqvK4cF985T5Fg7cJmpk8Llzdd1YUhewoyMTD4Ph5VjxAsiY9_8B7aY0fvxQnAsT_Dpsi6hwFs_B9guNQ=w163-h92-k-no","店內購物","·","來店取貨","·","外送"