"hfpxzc href","qBF1Pd","MW4etd","UY7F9","W4Efsd","W4Efsd 2","W4Efsd 3","W4Efsd 4","W4Efsd 5","W4Efsd 6","UsdlK","FQ2IWe src","ah5Ghc","M4A5Cf","ah5Ghc 2","M4A5Cf 2","ah5Ghc 3","doJOZc","W4Efsd 7"
"","","","","","","","","","","","","","","","","","",""
"","","","","","","","","","","","","","","","","","",""
"https://www.google.com/maps/place/Myer+Bankstown/data=!4m7!3m6!1s0x6b12bc0f777cf3e3:0xc38a3da0a330ae34!8m2!3d-33.916306!4d151.039589!16s%2Fg%2F1tdy4mlx!19sChIJ4_N8dw-8EmsRNK4wo6A9isM?authuser=0&hl=zh-TW&rclk=1","Myer Bankstown","3.9","(1,363)","百貨公司","·","North Terrace","已打烊","· 開始營業時間：09:00","·","1300 112 460","https://tpc.googlesyndication.com/simgad/18240349033999992343?sqp=-oaymwEKCFAQXCABUAFYAQ&rs=AOga4qmaA3m5NKhFtBAmOHnVbZq2F_ml4A","店內購物","·","來店取貨","·","無接觸送餐服務","",""
"https://www.google.com/maps/place/SydneySuper8/data=!4m7!3m6!1s0x6b12b0362c4778c1:0x45ede870f15f44e8!8m2!3d-33.9014977!4d151.1784367!16s%2Fg%2F11bbrn17ss!19sChIJwXhHLDawEmsR6ERf8XDo7UU?authuser=0&hl=zh-TW&rclk=1","SydneySuper8","4.7","(436)","相片沖印店","·","457 King St","已打烊","· 開始營業時間：11:00","·","+61 2 8084 4132","https://lh3.googleusercontent.com/gps-cs-s/APNQkAH7XicEXCoocyKUIHj_GzH7YX66Cohhb07zc9PJjP4eo_LVh3fUUrlC7n7KQP3AtKA52Fyi4pVZJHFfKTtsrPpnVQ_foTz-EKobyiTs-uKGsEL2IqmRjklj5TeVEcJk9VGCdYw0FA=w138-h92-k-no","門市服務","·","線上預約服務","","","",""
"https://www.google.com/maps/place/Cult+Cameras/data=!4m7!3m6!1s0x6b12b1d9cee3d6ed:0x98b339abbdd1274!8m2!3d-33.901567!4d151.1784693!16s%2Fg%2F11mlkgbkm6!19sChIJ7dbjztmxEmsRdBLdu5oziwk?authuser=0&hl=zh-TW&rclk=1","Cult Cameras","5.0","(10)","相機專賣店","·","459 King St","已打烊","· 開始營業時間：10:30","·","+61 411 107 308","https://lh3.googleusercontent.com/gps-cs-s/APNQkAEdLbpJcqsoyKcgG_o51wMiBZ8uYh0jqHc2kUxilXKaft2HNUQRjj8bT9Aa3bZ5Y_qj8NMbQwf5I9-UWiZKHUJVMPokLEwMHq4rQRIst6tYpY6zKQk8Fp9ErHvdC4MQ6MrM6Ctda4-B9cU=w80-h142-k-no","門市服務","","","","","",""
"https://www.google.com/maps/place/Classic+Cameras+AU/data=!4m7!3m6!1s0x257820d30b5844c9:0x96a5e3184b24fb0d!8m2!3d-33.827468!4d151.2022759!16s%2Fg%2F11s45yh66d!19sChIJyURYC9MgeCURDfskSxjjpZY?authuser=0&hl=zh-TW&rclk=1","Classic Cameras AU","5.0","(39)","相機專賣店","·","Ste 20/37 Alexander St","已打烊","· 開始營業時間：週二09:30","·","+61 435 310 644","https://lh3.googleusercontent.com/gps-cs-s/APNQkAGZf7uA_rhQTdyZGc_ubJRdW11PaNeaZ1bmShIl8jvTtma0ZaM2mgzXLhgi0g_n_g9siB7TGj5K2VmYWgzW7cnVEfSW-_gArDV6UXpobUKb1hBrExR0HIZCKrcUInN7UQh5G2tR=w122-h92-k-no","外送","","","","","",""
"https://www.google.com/maps/place/digiDirect+Sydney/data=!4m7!3m6!1s0x6b12ae3f6f7aa6cf:0xb118e857485d3a34!8m2!3d-33.8687464!4d151.2063756!16s%2Fg%2F1wfvmtb2!19sChIJz6Z6bz-uEmsRNDpdSFfoGLE?authuser=0&hl=zh-TW&rclk=1","digiDirect Sydney","4.1","(1,369)","相機專賣店","·","·","已打烊","· 開始營業時間：10:00","Shop 3/75 King St","+61 2 8235 9600","https://lh3.googleusercontent.com/gps-cs-s/APNQkAFCrA3UOJfuKHOAm8iPCaelZx8kEoacY2j_vaSC7_GKgMby-Nh9EooqImbQqe-5lxG53tWLzgP7p5RmjPRftDVAxHt9RHq3FnaVrQVQwY7Asb7clqLLft_6bkeBDxs6wAiRwjA=w124-h92-k-no","店內購物","·","來店取貨","·","外送","","·"
"https://www.google.com/maps/place/Camera+Warehouse/data=!4m7!3m6!1s0x6b12ae4011ac8f13:0x57c42c8e56a23739!8m2!3d-33.9483307!4d151.1397608!16s%2Fg%2F1tj4yw8d!19sChIJE4-sEUCuEmsROTeiVo4sxFc?authuser=0&hl=zh-TW&rclk=1","Camera Warehouse","4.7","(2,310)","相機專賣店","·","·","已打烊","· 開始營業時間：10:00","Unit 1/395 Princes Hwy","+61 2 9558 3116","https://lh3.googleusercontent.com/gps-cs-s/APNQkAGbLRq8k1EFC_5F7Od0-yu8j4M0HSeT_dZDNsFf1xNgvx3IW9UKt8gCN6HcUSzjhlhazNSTEpFvGKEiyLIot1Yv3T_D2MwFzdI07W_NaR1lxEK6UMxBjtQGeHH5hHEqVnd0-Mkv=w137-h92-k-no","店內購物","·","來店取貨","·","外送","","·"
"https://www.google.com/maps/place/Georges+Cameras/data=!4m7!3m6!1s0x6b12ae3f0d0b2d69:0x7e00f02e18a3ada8!8m2!3d-33.8694926!4d151.2068063!16s%2Fg%2F1hc1y2rbg!19sChIJaS0LDT-uEmsRqK2jGC7wAH4?authuser=0&hl=zh-TW&rclk=1","Georges Cameras","4.2","(3,663)","相機專賣店","·","·","已打烊","· 開始營業時間：09:00","387 George St","+61 2 9299 0177","https://lh3.googleusercontent.com/gps-cs-s/APNQkAEMaCtbDOnw-H_9QgpTqWde6ODrqMooMMYnkNJ76RnU58x2mZGWNIGuDURrDLhLPqCLt3fvng0KFXOHmH4X6T95K2NR50H34yH_PncVH8E1X2P5vR7-_AO5grKbpHdguHqBYB0=w122-h92-k-no","來店取貨","·","外送","","","","·"
"https://www.google.com/maps/place/Sydney+Camera+Repairs/data=!4m7!3m6!1s0x6b12ba96e2ecc48b:0x5661ac1ab7243fcb!8m2!3d-33.8917206!4d151.1256592!16s%2Fg%2F11b6_dcbgf!19sChIJi8Ts4pa6EmsRyz8ktxqsYVY?authuser=0&hl=zh-TW&rclk=1","Sydney Camera Repairs","4.6","(347)","相機專賣店","·","·","已打烊","· 開始營業時間：10:00","36 Holden St","+61 400 993 182","https://lh3.googleusercontent.com/gps-cs-s/APNQkAHXugLT7k4hczy5TyDqvarappIWR1ykFaatMGuWWZr3J514PbwZPxp_P6jnUXOivOIzNlc-zUN6gDAngL3ibul-LTtjuT-vVgaKUQRNMrxUIZC-Z8DgwY63jlXJjsu-vpm4worE=w80-h106-k-no","門市服務","","","","","","·"
"https://www.google.com/maps/place/Leica+Store+and+Gallery+Sydney/data=!4m7!3m6!1s0x6b12ae3e8eeaad67:0xbe022be3cc48dfc6!8m2!3d-33.8721139!4d151.206738!16s%2Fg%2F11cssz8jbq!19sChIJZ63qjj6uEmsRxt9IzOMrAr4?authuser=0&hl=zh-TW&rclk=1","Leica Store and Gallery Sydney","4.3","(107)","相機專賣店","·","·","已打烊","· 開始營業時間：10:00","Shops 40-44, Level 2, QVB, 455 George St","+61 2 9264 7098","https://lh3.googleusercontent.com/gps-cs-s/APNQkAE251O6ab3fkhGHNaxB8ba7CRDZWnuVLItfdw6Mkw_Y6LlDS2Coj6lO6BdIaqpwZQfwjy-c9nsuzr_tdYdj56MvnHbEEZs0yKVgyU3_HZkG_1kA3bFwLx2GCvqtQcR5U855IKEW=w122-h92-k-no","店內購物","·","來店取貨","·","外送","","·"
"https://www.google.com/maps/place/digiDirect+-+Bondi/data=!4m7!3m6!1s0x6b12adf17f6915e1:0x84fbb4e5e14e4452!8m2!3d-33.8917177!4d151.2504557!16s%2Fg%2F1vg6tx05!19sChIJ4RVpf_GtEmsRUkRO4eW0-4Q?authuser=0&hl=zh-TW&rclk=1","digiDirect - Bondi","4.4","(586)","相機專賣店","·","·","已打烊","· 開始營業時間：10:00","Shop 1044/500/500 Oxford St","+61 2 8383 0900","https://lh3.googleusercontent.com/gps-cs-s/APNQkAFjVFQmTOP2PyFyPQr9tg7gu1vxALjD5dRPn39lG1qFw_C6ARGhiI8AvvJicvmPlFQz6pk-7u9iftdHm7prPzVoxEgPAXxgmShLmas0W9K9VSccpjIb7wWQaHAA5a-vUJmqw7Q=w163-h92-k-no","店內購物","·","來店取貨","·","外送","","·"
"https://www.google.com/maps/place/digiDirect+Parramatta/data=!4m7!3m6!1s0x6b12a32047ff3199:0x5fc47f9314bfa8ab!8m2!3d-33.8173554!4d151.0033338!16s%2Fg%2F11clsjp_75!19sChIJmTH_RyCjEmsRq6i_FJN_xF8?authuser=0&hl=zh-TW&rclk=1","digiDirect Parramatta","4.6","(1,104)","相機專賣店","·","·","已打烊","· 開始營業時間：10:00","Shop 2101 - 2103/159 Church St","+61 2 9689 3363","https://lh3.googleusercontent.com/gps-cs-s/APNQkAHuRdyxvU1ob32GFiAW8fjgUxaYAf0it1SLw3vdgrT2SkuvdXOzreaev-ViBOaL5K7ffSIWqN32j0pVhvYhsQM-BzMw0tFkq9PwiEZ2TvQ4BCHx82yErd_dyEDuHMw5ZdDqE5Y=w138-h92-k-no","店內購物","·","來店取貨","·","外送","","·"
"https://www.google.com/maps/place/Fujifilm+House+of+Photography+%28Retail+Store%29/data=!4m7!3m6!1s0x6b12af2702aad8c9:0xc7d53435cb1fc062!8m2!3d-33.8645715!4d151.2071335!16s%2Fg%2F11t5d17mxg!19sChIJydiqAievEmsRYsAfyzU01cc?authuser=0&hl=zh-TW&rclk=1","Fujifilm House of Photography (Retail Store)","4.8","(173)","相機店","·","·","已打烊","· 開始營業時間：10:00","Ground floor/263 George St","+61 2 9044 8194","https://lh3.googleusercontent.com/gps-cs-s/APNQkAHLC3JRpZjEw2MgMDOIMsnESiQGJf5HZ25FFt1RznFI2iMUgVho4yJBrsIi5MrbDPH3u-lE7oFeEVOChq65zL5VzP1VEDFLdVvebG1GLfaO9oSv4Ed0YPR8igTN82RAoDyqTdK0=w163-h92-k-no","店內購物","·","來店取貨","·","外送","","·"
"https://www.google.com/maps/place/Digital+Camera+Warehouse/data=!4m7!3m6!1s0x6b12ba617328b941:0x7871243681d3b589!8m2!3d-33.91085!4d151.121481!16s%2Fg%2F1tmpf29t!19sChIJQbkoc2G6EmsRibXTgTYkcXg?authuser=0&hl=zh-TW&rclk=1","Digital Camera Warehouse","4.3","(322)","相機專賣店","·","·","已打烊","· 開始營業時間：09:00","174 Canterbury Rd","+61 1300 365 220","https://lh3.googleusercontent.com/gps-proxy/ALd4DhHlsKIO-4qMrOlGqyACAoyvjIsY4m71nl2jBc9o9KoCvNqcrSYs2wm1JixtGlZjjra_vU3s4lTFtPbgk-J1PM8M9IeXvwx8N6RPKA-sCQH25xb2bhKSIY_r3mJGIP6ygXPE-WQG5gNW3E1Wta3Vj-ej3Na4gzvCiXq7nhhx9tHV8sCid3F8-cInEcGWAektWrZl-xE=w138-h92-k-no","店內購物","·","來店取貨","·","外送","","·"
"https://www.google.com/maps/place/Hypop/data=!4m7!3m6!1s0x6b1299c136943c41:0xdc3b99e33ffa3735!8m2!3d-33.9313069!4d151.1897513!16s%2Fg%2F1hhly5ctx!19sChIJQTyUNsGZEmsRNTf6P-OZO9w?authuser=0&hl=zh-TW&rclk=1","Hypop","4.8","(503)","相機店","·","70 Robey St","已打烊","· 開始營業時間：週一09:00","·","+61 1300 449 767","https://lh3.googleusercontent.com/gps-cs-s/APNQkAEbrJxz_rKnsVSAkLuqHCR43y8oEuR9akoW6kmKjYBYrtRAJ7YazHL9xdtW53iXjYVON_s3KYXp-TFm9OneAOfG3GA4yY6M75FF8y2tgqi47KX1dz5Op6cMMDZG5AF3eWFepzM=w122-h92-k-no","店內購物","·","店外取貨","·","外送","",""
"https://www.google.com/maps/place/Kodak+Express-Sydney+Central+Fast+Photo+Services/data=!4m7!3m6!1s0x6b12ae230c975f0d:0xcc861f0c47571c4a!8m2!3d-33.8802075!4d151.206275!16s%2Fg%2F11xpd135t!19sChIJDV-XDCOuEmsRShxXRwwfhsw?authuser=0&hl=zh-TW&rclk=1","Kodak Express-Sydney Central Fast Photo Services","4.8","(822)","相片沖印店","·","·","已打烊","· 開始營業時間：10:00","Kodak Express, Shop 17/191 Hay St","+61 2 9281 9039","https://lh3.googleusercontent.com/gps-cs-s/APNQkAESAGF7SI0uZs1JFmhfVkdo85C3ZD_8ZlrlIjhgvK-TPP-Wxkq03JdB7XeLAXi5tiV_NVJPF6kzkseNSQeLgtjd7AglUyYRC_rVNrq4Jf42kEWOxnh7qWwaLXPu-BrTY2-pGrfJ2g=w123-h92-k-no","門市服務","·","線上預約服務","","","","·"
"https://www.google.com/maps/place/Rewind+Photo+Lab/data=!4m7!3m6!1s0x6b12ae2a04a366a7:0x7d8b1ea06dc9d0c5!8m2!3d-33.906177!4d151.1886725!16s%2Fg%2F11c58tcvdr!19sChIJp2ajBCquEmsRxdDJbaAei30?authuser=0&hl=zh-TW&rclk=1","Rewind Photo Lab","4.8","(356)","相片沖印店","·","·","已打烊","· 開始營業時間：10:00","338-356 Mitchell Rd","+61 2 8041 7049","https://lh3.googleusercontent.com/gps-cs-s/APNQkAEKkELKA-eVGVVs91odmZ2UPxpv4oEiWSuzM_lh_Dijazmv0oMKyHRz8DuYTffxaeQFq4M9fS7KsFywer0BGTuWTXrTNKiA3sZzhnR6Vnr9CkGRNBOK0uTvtGQ7inJ3CjcLPCEGtg=w137-h92-k-no","門市服務","","","","","","·"
"https://www.google.com/maps/place/Ted%27s+World+Of+Imaging/data=!4m7!3m6!1s0x6b12ae3dd08a9f7b:0x332153866339f9bb!8m2!3d-33.8739629!4d151.2078981!16s%2Fg%2F1tf60fp8!19sChIJe5-K0D2uEmsRu_k5Y4ZTITM?authuser=0&hl=zh-TW&rclk=1","Ted's World Of Imaging","4.1","(848)","相機專賣店","·","·","已打烊","· 開始營業時間：10:00","317 Pitt St","+61 2 9264 1687","https://lh3.googleusercontent.com/gps-cs-s/APNQkAF-xsnUXi_uePr9ZE5JgvQCl5_PQpYU_mjuXktHvNUxVxBmCTpm_6wnkCeitmGyLntYh-HsngVBkXTUSpyqzyLlK87k8gvQGC9hED_PeaPT0ARJVUAPfEFctsJt-b2VBb0m14UXjw=w138-h92-k-no","店內購物","·","來店取貨","·","外送","","·"
"https://www.google.com/maps/place/Camera+House+-+Brookvale/data=!4m7!3m6!1s0x6b12aa46ad5a0215:0xd91d2c3a54df9ad7!8m2!3d-33.7684183!4d151.2652613!16s%2Fg%2F1tk1n46f!19sChIJFQJarUaqEmsR15rfVDosHdk?authuser=0&hl=zh-TW&rclk=1","Camera House - Brookvale","4.5","(651)","相機專賣店","·","·","已打烊","· 開始營業時間：09:00","Shop 1424/5 Westfield Warringah Mall","+61 2 9907 1955","https://lh3.googleusercontent.com/gps-cs-s/APNQkAGTKlTVHHRT2YYPzeL-Snq1iSeYgE6eDTkzd-VgoW7h4N9TchFMAM4wqaLk4M-jsrUVKDoTlyvNsN2mAAmiNn7JktDUWkJV2yskd-JNu2Fwi1XX2q9isCeTkMODS9pOckOil4bruQobRBg=w138-h92-k-no","店內購物","·","來店取貨","·","外送","","·"
"https://www.google.com/maps/place/Georges+Cameras+Chatswood/data=!4m7!3m6!1s0x6b12a905d5a7eab1:0x87d72b151c7d8a9b!8m2!3d-33.7859054!4d151.197088!16s%2Fg%2F11xkg1bd5q!19sChIJseqn1QWpEmsRm4p9HBUr14c?authuser=0&hl=zh-TW&rclk=1","Georges Cameras Chatswood","4.8","(123)","相機專賣店","·","·","已打烊","· 開始營業時間：10:00","Unit 27, 1/7 Short St","+61 2 9299 0177","https://lh3.googleusercontent.com/gps-cs-s/APNQkAFx-znH_eOaN2jYIZM45oabmnN8Q_qYn52-LD6XlIHzCmH3gcUww-K1wB7jw6V6KMEI2mq9UQiKcJMTbcGaxFeIYCbf4UJyq5LUzurUoiBpOvoF85KGQmusXXkKq2rzyE1ugDydJvL2DeJ7=w80-h106-k-no","門市服務","","","","","","·"
"https://www.google.com/maps/place/Kudos+Cameras/data=!4m7!3m6!1s0x6b12b1e6dc77d339:0xebdb84aea7027a40!8m2!3d-33.9206642!4d151.0994882!16s%2Fg%2F11cm0j6w7n!19sChIJOdN33OaxEmsRQHoCp66E2-s?authuser=0&hl=zh-TW&rclk=1","Kudos Cameras","5.0","(14)","批發商","·","·","已打烊","· 開始營業時間：週一09:30","Kudos Cameras Sydney, 5/37 Charlotte St","+61 2 8599 2858","https://lh3.googleusercontent.com/gps-cs-s/APNQkAH3Ds7DVPOVJQYsd58QmP8oqiCp_7szvxOJmieosmzexEvnEBBgFpdjoyvmdhIExItEJQUKwBf3GlM1DDGfrHsNlrPvMlWYJx20TUj2PyiDF9FAlf8Tx4kR9iWV7tiwwxGWNlvXAg=w92-h92-k-no","店內購物","·","來店取貨","·","外送","","·"
"https://www.google.com/maps/place/Photoland/data=!4m7!3m6!1s0x6b12ae3f8bea1cf9:0x90e1e41585590575!8m2!3d-33.8681514!4d151.2106813!16s%2Fg%2F1tjvtmrj!19sChIJ-Rzqiz-uEmsRdQVZhRXk4ZA?authuser=0&hl=zh-TW&rclk=1","Photoland","4.8","(429)","相機店","·","Shop 5/60 Elizabeth St","已打烊","· 開始營業時間：週一08:00","·","+61 2 9235 1933","https://lh3.googleusercontent.com/gps-cs-s/APNQkAFHVF72E9YDIvBxDMgijqa46KF2Z2FXajK88OARrb5ja-OkyPmQpY0CPCPsjmOO0BOJhr28-OyXLKRdRw2rXnhUvlI-bA29wN17JX-Ac6UKdD4zaRb8Eb761voZ4H0DHrLftG2Y=w117-h92-k-no","來店取貨","·","外送","","","",""
"https://www.google.com/maps/place/Photo+Shop+Studio/data=!4m7!3m6!1s0x6b12b0177a4df36f:0xa9b7cfce4feae36e!8m2!3d-33.876134!4d151.128879!16s%2Fg%2F1tj4yw9j!19sChIJb_NNehewEmsRbuPqT87Pt6k?authuser=0&hl=zh-TW&rclk=1","Photo Shop Studio","4.1","(228)","相機專賣店","·","520 Parramatta Road","已打烊","· 開始營業時間：09:00","·","(02) 9797 2800","https://tpc.googlesyndication.com/simgad/14121726783396245469?sqp=-oaymwEKCFAQXCABUAFYAQ&rs=AOga4qmlJfd43TtggXH9MipyouWuiKLbZA","店內購物","·","來店取貨","·","外送","",""
"https://www.google.com/maps/place/Photo+Shop+Studio/data=!4m7!3m6!1s0x6b12b0177a4df36f:0xa9b7cfce4feae36e!8m2!3d-33.876134!4d151.128879!16s%2Fg%2F1tj4yw9j!19sChIJb_NNehewEmsRbuPqT87Pt6k?authuser=0&hl=zh-TW&rclk=1","Photo Shop Studio","4.1","(228)","相機專賣店","·","520 Parramatta Road","已打烊","· 開始營業時間：09:00","·","(02) 9797 2800","https://tpc.googlesyndication.com/simgad/5314254870426813719?sqp=-oaymwEKCFAQXCABUAFYAQ&rs=AOga4qnMddktFMuo_i7_x2j13T3bm-6feQ","店內購物","·","來店取貨","·","外送","",""
"https://www.google.com/maps/place/Double+Bay+Camera+Shop/data=!4m7!3m6!1s0x6b12ade78946f917:0x20dac41f019a227a!8m2!3d-33.877927!4d151.243426!16s%2Fg%2F1pt_t0czp!19sChIJF_lGieetEmsReiKaAR_E2iA?authuser=0&hl=zh-TW&rclk=1","Double Bay Camera Shop","3.8","(32)","相機專賣店","·","Shop 2/413-417 New South Head Rd","已打烊","· 開始營業時間：09:00","·","+61 2 9327 4481","https://lh3.googleusercontent.com/gps-cs-s/APNQkAFg5DDyB1C9ebssuiEfbCicvQq6x6WWlr-YMTJFSaSHOn-5vxBpb3ErRXbXRQf6e-rVl7cLK2D3z2OTENayf99sMGP7IVUrqrg2-JUZNkOR-vkjo9xyoJfrGEhRJzk4DCoGx5e_=w124-h92-k-no","店內購物","·","來店取貨","·","外送","",""
"https://www.google.com/maps/place/Pixels+Plus/data=!4m7!3m6!1s0x6b12aee82e9e07c3:0x802d7017d4247ff4!8m2!3d-33.8261875!4d151.2010176!16s%2Fg%2F1tf5kt5h!19sChIJwweeLuiuEmsR9H8k1BdwLYA?authuser=0&hl=zh-TW&rclk=1","Pixels Plus","4.8","(275)","相片沖印店","·","·","已打烊","· 開始營業時間：09:30","45 Willoughby Rd","+61 2 9437 4247","https://lh3.googleusercontent.com/gps-cs-s/APNQkAF-6CLWT1Ow6JVj_yLv2uhw1y4BWoyWUYs5E-z-9teLvdjirxfhQVrqYwfzsXzXjQn-vDfcpPDn-Q7tCYa6ie1UtFY1_X8begCFpZNp0pcl3oStV0X8Wr9oMWq-Z3GFOZP4faUq=w122-h92-k-no","門市服務","","","","","","·"
"https://www.google.com/maps/place/Camera+House+-+Drummoyne/data=!4m7!3m6!1s0x6b12afc3c7a47161:0xa1abb5f76224b8f0!8m2!3d-33.8525158!4d151.1562389!16s%2Fg%2F11sk84qsqj!19sChIJYXGkx8OvEmsR8LgkYve1q6E?authuser=0&hl=zh-TW&rclk=1","Camera House - Drummoyne","4.7","(107)","相機專賣店","·","·","已打烊","· 開始營業時間：10:00","146 Victoria Rd","+61 2 8068 6988","https://lh3.googleusercontent.com/gps-cs-s/APNQkAExEsbrjSRQOFCCX0YD1QSYjk-cGlmstkLe0NLreSrCPxrgklT4V4HIyOWRtzsC-tTdv8rV2Z-cpoypxE7u56WlYtQjU3HnyD3Y8xf0k4EVjkS2NF0G576Dws0SVlYC11P4sbt23kTh9WDu=w122-h92-k-no","店內購物","·","店外取貨","·","外送","","·"
"https://www.google.com/maps/place/RENTaCAM+Sydney/data=!4m7!3m6!1s0x6b12b1af121f0ecb:0x7648d990dc94c99a!8m2!3d-33.9172634!4d151.1724315!16s%2Fg%2F1tnl1k54!19sChIJyw4fEq-xEmsRmsmU3JDZSHY?authuser=0&hl=zh-TW&rclk=1","RENTaCAM Sydney","5.0","(161)","相機專賣店","·","·","已打烊","· 開始營業時間：07:00","Access via car park and through the roller door, Suite 3/396 Princes Hwy","+61 2 9669 4393","https://lh3.googleusercontent.com/gps-cs-s/APNQkAErKGhFsEhhWLM0edSevoDDW_z43sowaSep4sescC7yFmc4bf0ufdw-EyXhR9xHFks_NZv7X9UNXe8LcylMzIR2NsRd7hB9DHPKcQ5VYMCf_N6D37cn-HzQrlWlg5AadHi8Fiib=w92-h92-k-no","外送","","","","","","·"
"https://www.google.com/maps/place/Lemac+Film+%26+Digital/data=!4m7!3m6!1s0x6b12aed9e9de20cf:0x5d946862b9055c06!8m2!3d-33.8137138!4d151.1911731!16s%2Fg%2F1tmbw8f1!19sChIJzyDe6dmuEmsRBlwFuWJolF0?authuser=0&hl=zh-TW&rclk=1","Lemac Film & Digital","4.8","(28)","視聽設備供應商","·","·","已打烊","· 開始營業時間：週一09:00","14-16 Punch St","+61 2 9438 4488","https://lh3.googleusercontent.com/gps-cs-s/APNQkAE39xkoLUn2NJb-vx8GYS5Tnfa5CoXcD0kNmwlmJBMp3C2_aTSPHp3Jf8OFwx1IC8lYSeDHF6t-wGLnv-pdB7VIFkJ5llUVpRnx_QjPtzpZV7886YkOqWr-Pac8nQPa6LXXVWAOIg=w138-h92-k-no","店內購物","·","來店取貨","·","外送","","·"
"https://www.google.com/maps/place/Camera+Fix/data=!4m7!3m6!1s0x6b12b1eaadc0af73:0x5168c359940cb4f9!8m2!3d-33.8790846!4d151.1966966!16s%2Fg%2F11ht42s3gf!19sChIJc6_AreqxEmsR-bQMlFnDaFE?authuser=0&hl=zh-TW&rclk=1","Camera Fix","4.6","(86)","相機維修店","·","Suite 9/89/97 Jones St","已打烊","· 開始營業時間：週一09:00","·","+61 415 996 182","https://lh3.googleusercontent.com/gps-cs-s/APNQkAG14c65JaN4_bqLNj2dakB_idlCSJQWR5zaWLAhQN_D4PPMpcRMpY_SUNCIbmriYjTvUjOW4lpqIKVHAPd5L49jzmp8G1abdim7RUeLz5TE5XJuBCKDMBPgbtw-LPMFZ9DjW88=w137-h92-k-no","門市服務","","","","","",""
"https://www.google.com/maps/place/Photo+Shop+Studio/data=!4m7!3m6!1s0x6b12b0177a4df36f:0xa9b7cfce4feae36e!8m2!3d-33.8761337!4d151.1288793!16s%2Fg%2F1tj4yw9j!19sChIJb_NNehewEmsRbuPqT87Pt6k?authuser=0&hl=zh-TW&rclk=1","Photo Shop Studio","4.1","(228)","相機店","·","·","已打烊","· 開始營業時間：09:00","520 Parramatta Rd","+61 2 9797 2800","https://lh3.googleusercontent.com/gps-cs-s/APNQkAHxOgnYmNzOGcJ95yMfbO5N-1XzIMeNudu-7p6aKEsLoaMakdXPfDrQiPwYGh0kY2b-lebm68-Zgdx6jATJs_WwxRIzQpXtmuxCYieqtLdAN4mhsr4qyxtsrkyq4OMlQWq5eZYe=w122-h92-k-no","店內購物","·","來店取貨","·","外送","","·"
"https://www.google.com/maps/place/Camera+House+-+Narellan/data=!4m7!3m6!1s0x6b12f1d4345077e9:0x529deebbb7bd995d!8m2!3d-34.0419998!4d150.7394994!16s%2Fg%2F11sgbdtlyz!19sChIJ6XdQNNTxEmsRXZm9t7vunVI?authuser=0&hl=zh-TW&rclk=1","Camera House - Narellan","4.1","(201)","相機專賣店","·","·","已打烊","· 開始營業時間：09:00","2/28 Somerset Ave","+61 418 511 211","https://lh3.googleusercontent.com/gps-cs-s/APNQkAHywd8oEarUzm3ot_3NMngtpRcPPPXnDCk_bojp1nw1GDDYjva3HpZG3jY3lC-QvY9whqBDSnnyfeTyXr3-Syh0vJtxSY5BRTsZNi3ZrFPHFLudcQ0vGq7Lxec7UgIV0l8M81Zm=w150-h92-k-no","店內購物","·","來店取貨","·","外送","","·"